case_id,atm_id,mule_score,burst_score,geo_score,hub_score,label
0,ATM001,0.5183,0.9967,0.6397,0.0,1
0,ATM002,0.5183,0.9967,0.3232,0.0,0
0,ATM003,0.5183,0.9967,0.6754,0.0,0
0,ATM004,0.5183,0.9967,0.0208,0.0,0
0,ATM005,0.5183,0.9967,0.7704,0.0,0
0,ATM006,0.5183,0.9967,0.5226,0.0,0
0,ATM007,0.5183,0.9967,0.7336,0.0,0
0,ATM008,0.5183,0.9967,0.2824,0.0,0
0,ATM009,0.5183,0.9967,0.1115,0.0,0
0,ATM010,0.5183,0.9967,0.2449,0.0,0
0,ATM011,0.5183,0.9967,0.2302,0.0,0
0,ATM012,0.5183,0.9967,0.1498,0.0,0
1,ATM001,0.2293,0.3778,0.0445,0.2133,0
1,ATM002,0.2293,0.3778,0.5927,0.0,0
1,ATM003,0.2293,0.3778,0.5069,0.0,0
1,ATM004,0.2293,0.3778,0.6535,0.0,0
1,ATM005,0.2293,0.3778,0.8299,0.0,1
1,ATM006,0.2293,0.3778,0.8968,0.0,0
1,ATM007,0.2293,0.3778,0.73,0.0,0
1,ATM008,0.2293,0.3778,0.416,0.0,0
1,ATM009,0.2293,0.3778,0.1062,0.0,0
1,ATM010,0.2293,0.3778,0.4303,0.0,0
1,ATM011,0.2293,0.3778,0.2161,0.0,0
1,ATM012,0.2293,0.3778,0.2695,0.0,0
2,ATM001,0.2196,0.3535,0.6397,0.2133,1
2,ATM002,0.2196,0.3535,0.3232,0.0,0
2,ATM003,0.2196,0.3535,0.6754,0.0,0
2,ATM004,0.2196,0.3535,0.0208,0.0,0
2,ATM005,0.2196,0.3535,0.7704,0.2136,0
2,ATM006,0.2196,0.3535,0.5226,0.0,0
2,ATM007,0.2196,0.3535,0.7336,0.0,0
2,ATM008,0.2196,0.3535,0.2824,0.0,0
2,ATM009,0.2196,0.3535,0.1115,0.0,0
2,ATM010,0.2196,0.3535,0.2449,0.0,0
2,ATM011,0.2196,0.3535,0.2302,0.0,0
2,ATM012,0.2196,0.3535,0.1498,0.0,0
3,ATM001,0.2491,0.426,0.6397,0.4272,0
3,ATM002,0.2491,0.426,0.3232,0.0,0
3,ATM003,0.2491,0.426,0.6754,0.0,0
3,ATM004,0.2491,0.426,0.0208,0.0,0
3,ATM005,0.2491,0.426,0.7704,0.2136,1
3,ATM006,0.2491,0.426,0.5226,0.0,0
3,ATM007,0.2491,0.426,0.7336,0.0,0
3,ATM008,0.2491,0.426,0.2824,0.0,0
3,ATM009,0.2491,0.426,0.1115,0.0,0
3,ATM010,0.2491,0.426,0.2449,0.0,0
3,ATM011,0.2491,0.426,0.2302,0.0,0
3,ATM012,0.2491,0.426,0.1498,0.0,0
4,ATM001,0.3703,0.6977,0.5003,0.4272,1
4,ATM002,0.3703,0.6977,0.2786,0.0,0
4,ATM003,0.3703,0.6977,0.0328,0.0,0
4,ATM004,0.3703,0.6977,0.6784,0.0,0
4,ATM005,0.3703,0.6977,0.4713,0.4279,0
4,ATM006,0.3703,0.6977,0.3804,0.0,0
4,ATM007,0.3703,0.6977,0.8322,0.0,0
4,ATM008,0.3703,0.6977,0.3704,0.0,0
4,ATM009,0.3703,0.6977,0.2,0.0,0
4,ATM010,0.3703,0.6977,0.1857,0.0,0
4,ATM011,0.3703,0.6977,0.4118,0.0,0
4,ATM012,0.3703,0.6977,0.153,0.0,0
5,ATM001,0.2456,0.4176,0.6397,0.6418,0
5,ATM002,0.2456,0.4176,0.3232,0.0,0
5,ATM003,0.2456,0.4176,0.6754,0.0,0
5,ATM004,0.2456,0.4176,0.0208,0.0,0
5,ATM005,0.2456,0.4176,0.7704,0.4279,0
5,ATM006,0.2456,0.4176,0.5226,0.0,1
5,ATM007,0.2456,0.4176,0.7336,0.0,0
5,ATM008,0.2456,0.4176,0.2824,0.0,0
5,ATM009,0.2456,0.4176,0.1115,0.0,0
5,ATM010,0.2456,0.4176,0.2449,0.0,0
5,ATM011,0.2456,0.4176,0.2302,0.0,0
5,ATM012,0.2456,0.4176,0.1498,0.0,0
6,ATM001,0.2067,0.3209,0.6054,0.6418,1
6,ATM002,0.2067,0.3209,0.0296,0.0,0
6,ATM003,0.2067,0.3209,0.2712,0.0,0
6,ATM004,0.2067,0.3209,0.319,0.0,0
6,ATM005,0.2067,0.3209,0.4439,0.4279,0
6,ATM006,0.2067,0.3209,0.6973,0.2149,0
6,ATM007,0.2067,0.3209,0.3976,0.0,0
6,ATM008,0.2067,0.3209,0.446,0.0,0
6,ATM009,0.2067,0.3209,0.0813,0.0,0
6,ATM010,0.2067,0.3209,0.7441,0.0,0
6,ATM011,0.2067,0.3209,0.1531,0.0,0
6,ATM012,0.2067,0.3209,0.5122,0.0,0
7,ATM001,0.1103,0.021,0.0445,0.857,0
7,ATM002,0.1103,0.021,0.5927,0.0,0
7,ATM003,0.1103,0.021,0.5069,0.0,0
7,ATM004,0.1103,0.021,0.6535,0.0,0
7,ATM005,0.1103,0.021,0.8299,0.4279,0
7,ATM006,0.1103,0.021,0.8968,0.2149,0
7,ATM007,0.1103,0.021,0.73,0.0,0
7,ATM008,0.1103,0.021,0.416,0.0,0
7,ATM009,0.1103,0.021,0.1062,0.0,0
7,ATM010,0.1103,0.021,0.4303,0.0,1
7,ATM011,0.1103,0.021,0.2161,0.0,0
7,ATM012,0.1103,0.021,0.2695,0.0,0
8,ATM001,0.2007,0.3052,0.9048,0.857,0
8,ATM002,0.2007,0.3052,0.6989,0.0,0
8,ATM003,0.2007,0.3052,0.3734,0.0,0
8,ATM004,0.2007,0.3052,0.5135,0.0,0
8,ATM005,0.2007,0.3052,0.7591,0.4279,0
8,ATM006,0.2007,0.3052,0.0169,0.2149,0
8,ATM007,0.2007,0.3052,0.5374,0.0,0
8,ATM008,0.2007,0.3052,0.3626,0.0,0
8,ATM009,0.2007,0.3052,0.0813,0.0,0
8,ATM010,0.2007,0.3052,0.5696,0.2155,1
8,ATM011,0.2007,0.3052,0.1634,0.0,0
8,ATM012,0.2007,0.3052,0.2993,0.0,0
9,ATM001,0.4551,0.8723,0.6054,0.857,0
9,ATM002,0.4551,0.8723,0.0296,0.0,0
9,ATM003,0.4551,0.8723,0.2712,0.0,0
9,ATM004,0.4551,0.8723,0.319,0.0,0
9,ATM005,0.4551,0.8723,0.4439,0.4279,0
9,ATM006,0.4551,0.8723,0.6973,0.2149,0
9,ATM007,0.4551,0.8723,0.3976,0.0,0
9,ATM008,0.4551,0.8723,0.446,0.0,0
9,ATM009,0.4551,0.8723,0.0813,0.0,0
9,ATM010,0.4551,0.8723,0.7441,0.4314,1
9,ATM011,0.4551,0.8723,0.1531,0.0,0
9,ATM012,0.4551,0.8723,0.5122,0.0,0
10,ATM001,0.5183,0.9967,0.0445,0.857,0
10,ATM002,0.5183,0.9967,0.5927,0.0,0
10,ATM003,0.5183,0.9967,0.5069,0.0,0
10,ATM004,0.5183,0.9967,0.6535,0.0,0
10,ATM005,0.5183,0.9967,0.8299,0.4279,1
10,ATM006,0.5183,0.9967,0.8968,0.2149,0
10,ATM007,0.5183,0.9967,0.73,0.0,0
10,ATM008,0.5183,0.9967,0.416,0.0,0
10,ATM009,0.5183,0.9967,0.1062,0.0,0
10,ATM010,0.5183,0.9967,0.4303,0.6476,0
10,ATM011,0.5183,0.9967,0.2161,0.0,0
10,ATM012,0.5183,0.9967,0.2695,0.0,0
11,ATM001,0.3208,0.5906,0.9048,0.857,0
11,ATM002,0.3208,0.5906,0.6989,0.0,0
11,ATM003,0.3208,0.5906,0.3734,0.0,0
11,ATM004,0.3208,0.5906,0.5135,0.0,0
11,ATM005,0.3208,0.5906,0.7591,0.6444,1
11,ATM006,0.3208,0.5906,0.0169,0.2149,0
11,ATM007,0.3208,0.5906,0.5374,0.0,0
11,ATM008,0.3208,0.5906,0.3626,0.0,0
11,ATM009,0.3208,0.5906,0.0813,0.0,0
11,ATM010,0.3208,0.5906,0.5696,0.6476,0
11,ATM011,0.3208,0.5906,0.1634,0.0,0
11,ATM012,0.3208,0.5906,0.2993,0.0,0
12,ATM001,0.1257,0.084,0.9048,0.857,1
12,ATM002,0.1257,0.084,0.6989,0.0,0
12,ATM003,0.1257,0.084,0.3734,0.0,0
12,ATM004,0.1257,0.084,0.5135,0.0,0
12,ATM005,0.1257,0.084,0.7591,0.8612,0
12,ATM006,0.1257,0.084,0.0169,0.2149,0
12,ATM007,0.1257,0.084,0.5374,0.0,0
12,ATM008,0.1257,0.084,0.3626,0.0,0
12,ATM009,0.1257,0.084,0.0813,0.0,0
12,ATM010,0.1257,0.084,0.5696,0.6476,0
12,ATM011,0.1257,0.084,0.1634,0.0,0
12,ATM012,0.1257,0.084,0.2993,0.0,0
13,ATM001,0.1459,0.1511,0.0445,1.0,0
13,ATM002,0.1459,0.1511,0.5927,0.0,0
13,ATM003,0.1459,0.1511,0.5069,0.0,0
13,ATM004,0.1459,0.1511,0.6535,0.0,0
13,ATM005,0.1459,0.1511,0.8299,0.8612,0
13,ATM006,0.1459,0.1511,0.8968,0.2149,1
13,ATM007,0.1459,0.1511,0.73,0.0,0
13,ATM008,0.1459,0.1511,0.416,0.0,0
13,ATM009,0.1459,0.1511,0.1062,0.0,0
13,ATM010,0.1459,0.1511,0.4303,0.6476,0
13,ATM011,0.1459,0.1511,0.2161,0.0,0
13,ATM012,0.1459,0.1511,0.2695,0.0,0
14,ATM001,0.1253,0.0826,0.0445,1.0,0
14,ATM002,0.1253,0.0826,0.5927,0.0,0
14,ATM003,0.1253,0.0826,0.5069,0.0,0
14,ATM004,0.1253,0.0826,0.6535,0.0,0
14,ATM005,0.1253,0.0826,0.8299,0.8612,0
14,ATM006,0.1253,0.0826,0.8968,0.4324,0
14,ATM007,0.1253,0.0826,0.73,0.0,0
14,ATM008,0.1253,0.0826,0.416,0.0,0
14,ATM009,0.1253,0.0826,0.1062,0.0,0
14,ATM010,0.1253,0.0826,0.4303,0.6476,1
14,ATM011,0.1253,0.0826,0.2161,0.0,0
14,ATM012,0.1253,0.0826,0.2695,0.0,0
15,ATM001,0.2051,0.3166,0.6054,1.0,0
15,ATM002,0.2051,0.3166,0.0296,0.0,0
15,ATM003,0.2051,0.3166,0.2712,0.0,0
15,ATM004,0.2051,0.3166,0.319,0.0,0
15,ATM005,0.2051,0.3166,0.4439,0.8612,0
15,ATM006,0.2051,0.3166,0.6973,0.4324,0
15,ATM007,0.2051,0.3166,0.3976,0.0,0
15,ATM008,0.2051,0.3166,0.446,0.0,0
15,ATM009,0.2051,0.3166,0.0813,0.0,0
15,ATM010,0.2051,0.3166,0.7441,0.8654,1
15,ATM011,0.2051,0.3166,0.1531,0.0,0
15,ATM012,0.2051,0.3166,0.5122,0.0,0
16,ATM001,0.2608,0.4538,0.6054,1.0,1
16,ATM002,0.2608,0.4538,0.0296,0.0,0
16,ATM003,0.2608,0.4538,0.2712,0.0,0
16,ATM004,0.2608,0.4538,0.319,0.0,0
16,ATM005,0.2608,0.4538,0.4439,0.8612,0
16,ATM006,0.2608,0.4538,0.6973,0.4324,0
16,ATM007,0.2608,0.4538,0.3976,0.0,0
16,ATM008,0.2608,0.4538,0.446,0.0,0
16,ATM009,0.2608,0.4538,0.0813,0.0,0
16,ATM010,0.2608,0.4538,0.7441,1.0,0
16,ATM011,0.2608,0.4538,0.1531,0.0,0
16,ATM012,0.2608,0.4538,0.5122,0.0,0
17,ATM001,0.2735,0.4835,0.0445,1.0,0
17,ATM002,0.2735,0.4835,0.5927,0.0,0
17,ATM003,0.2735,0.4835,0.5069,0.0,0
17,ATM004,0.2735,0.4835,0.6535,0.0,0
17,ATM005,0.2735,0.4835,0.8299,0.8612,0
17,ATM006,0.2735,0.4835,0.8968,0.4324,0
17,ATM007,0.2735,0.4835,0.73,0.0,0
17,ATM008,0.2735,0.4835,0.416,0.0,0
17,ATM009,0.2735,0.4835,0.1062,0.0,0
17,ATM010,0.2735,0.4835,0.4303,1.0,1
17,ATM011,0.2735,0.4835,0.2161,0.0,0
17,ATM012,0.2735,0.4835,0.2695,0.0,0
18,ATM001,0.1155,0.0446,0.9048,1.0,0
18,ATM002,0.1155,0.0446,0.6989,0.0,0
18,ATM003,0.1155,0.0446,0.3734,0.0,0
18,ATM004,0.1155,0.0446,0.5135,0.0,0
18,ATM005,0.1155,0.0446,0.7591,0.8612,1
18,ATM006,0.1155,0.0446,0.0169,0.4324,0
18,ATM007,0.1155,0.0446,0.5374,0.0,0
18,ATM008,0.1155,0.0446,0.3626,0.0,0
18,ATM009,0.1155,0.0446,0.0813,0.0,0
18,ATM010,0.1155,0.0446,0.5696,1.0,0
18,ATM011,0.1155,0.0446,0.1634,0.0,0
18,ATM012,0.1155,0.0446,0.2993,0.0,0
19,ATM001,0.413,0.7866,0.9048,1.0,0
19,ATM002,0.413,0.7866,0.6989,0.0,0
19,ATM003,0.413,0.7866,0.3734,0.0,0
19,ATM004,0.413,0.7866,0.5135,0.0,0
19,ATM005,0.413,0.7866,0.7591,1.0,1
19,ATM006,0.413,0.7866,0.0169,0.4324,0
19,ATM007,0.413,0.7866,0.5374,0.0,0
19,ATM008,0.413,0.7866,0.3626,0.0,0
19,ATM009,0.413,0.7866,0.0813,0.0,0
19,ATM010,0.413,0.7866,0.5696,1.0,0
19,ATM011,0.413,0.7866,0.1634,0.0,0
19,ATM012,0.413,0.7866,0.2993,0.0,0
20,ATM001,0.1645,0.2067,0.0445,1.0,0
20,ATM002,0.1645,0.2067,0.5927,0.0,0
20,ATM003,0.1645,0.2067,0.5069,0.0,0
20,ATM004,0.1645,0.2067,0.6535,0.0,0
20,ATM005,0.1645,0.2067,0.8299,1.0,0
20,ATM006,0.1645,0.2067,0.8968,0.4324,0
20,ATM007,0.1645,0.2067,0.73,0.0,0
20,ATM008,0.1645,0.2067,0.416,0.0,0
20,ATM009,0.1645,0.2067,0.1062,0.0,0
20,ATM010,0.1645,0.2067,0.4303,1.0,0
20,ATM011,0.1645,0.2067,0.2161,0.0,1
20,ATM012,0.1645,0.2067,0.2695,0.0,0
21,ATM001,0.2527,0.4346,0.6054,1.0,0
21,ATM002,0.2527,0.4346,0.0296,0.0,0
21,ATM003,0.2527,0.4346,0.2712,0.0,0
21,ATM004,0.2527,0.4346,0.319,0.0,1
21,ATM005,0.2527,0.4346,0.4439,1.0,0
21,ATM006,0.2527,0.4346,0.6973,0.4324,0
21,ATM007,0.2527,0.4346,0.3976,0.0,0
21,ATM008,0.2527,0.4346,0.446,0.0,0
21,ATM009,0.2527,0.4346,0.0813,0.0,0
21,ATM010,0.2527,0.4346,0.7441,1.0,0
21,ATM011,0.2527,0.4346,0.1531,0.2197,0
21,ATM012,0.2527,0.4346,0.5122,0.0,0
22,ATM001,0.2949,0.5326,0.5003,1.0,0
22,ATM002,0.2949,0.5326,0.2786,0.0,0
22,ATM003,0.2949,0.5326,0.0328,0.0,0
22,ATM004,0.2949,0.5326,0.6784,0.2201,0
22,ATM005,0.2949,0.5326,0.4713,1.0,1
22,ATM006,0.2949,0.5326,0.3804,0.4324,0
22,ATM007,0.2949,0.5326,0.8322,0.0,0
22,ATM008,0.2949,0.5326,0.3704,0.0,0
22,ATM009,0.2949,0.5326,0.2,0.0,0
22,ATM010,0.2949,0.5326,0.1857,1.0,0
22,ATM011,0.2949,0.5326,0.4118,0.2197,0
22,ATM012,0.2949,0.5326,0.153,0.0,0
23,ATM001,0.4104,0.7814,0.6397,1.0,1
23,ATM002,0.4104,0.7814,0.3232,0.0,0
23,ATM003,0.4104,0.7814,0.6754,0.0,0
23,ATM004,0.4104,0.7814,0.0208,0.2201,0
23,ATM005,0.4104,0.7814,0.7704,1.0,0
23,ATM006,0.4104,0.7814,0.5226,0.4324,0
23,ATM007,0.4104,0.7814,0.7336,0.0,0
23,ATM008,0.4104,0.7814,0.2824,0.0,0
23,ATM009,0.4104,0.7814,0.1115,0.0,0
23,ATM010,0.4104,0.7814,0.2449,1.0,0
23,ATM011,0.4104,0.7814,0.2302,0.2197,0
23,ATM012,0.4104,0.7814,0.1498,0.0,0
24,ATM001,0.2258,0.3691,0.0445,1.0,0
24,ATM002,0.2258,0.3691,0.5927,0.0,0
24,ATM003,0.2258,0.3691,0.5069,0.0,0
24,ATM004,0.2258,0.3691,0.6535,0.2201,0
24,ATM005,0.2258,0.3691,0.8299,1.0,0
24,ATM006,0.2258,0.3691,0.8968,0.4324,0
24,ATM007,0.2258,0.3691,0.73,0.0,0
24,ATM008,0.2258,0.3691,0.416,0.0,0
24,ATM009,0.2258,0.3691,0.1062,0.0,0
24,ATM010,0.2258,0.3691,0.4303,1.0,1
24,ATM011,0.2258,0.3691,0.2161,0.2197,0
24,ATM012,0.2258,0.3691,0.2695,0.0,0
25,ATM001,0.3737,0.7047,0.6397,1.0,0
25,ATM002,0.3737,0.7047,0.3232,0.0,1
25,ATM003,0.3737,0.7047,0.6754,0.0,0
25,ATM004,0.3737,0.7047,0.0208,0.2201,0
25,ATM005,0.3737,0.7047,0.7704,1.0,0
25,ATM006,0.3737,0.7047,0.5226,0.4324,0
25,ATM007,0.3737,0.7047,0.7336,0.0,0
25,ATM008,0.3737,0.7047,0.2824,0.0,0
25,ATM009,0.3737,0.7047,0.1115,0.0,0
25,ATM010,0.3737,0.7047,0.2449,1.0,0
25,ATM011,0.3737,0.7047,0.2302,0.2197,0
25,ATM012,0.3737,0.7047,0.1498,0.0,0
26,ATM001,0.1584,0.1889,0.0445,1.0,0
26,ATM002,0.1584,0.1889,0.5927,0.2214,0
26,ATM003,0.1584,0.1889,0.5069,0.0,0
26,ATM004,0.1584,0.1889,0.6535,0.2201,0
26,ATM005,0.1584,0.1889,0.8299,1.0,0
26,ATM006,0.1584,0.1889,0.8968,0.4324,0
26,ATM007,0.1584,0.1889,0.73,0.0,0
26,ATM008,0.1584,0.1889,0.416,0.0,0
26,ATM009,0.1584,0.1889,0.1062,0.0,0
26,ATM010,0.1584,0.1889,0.4303,1.0,1
26,ATM011,0.1584,0.1889,0.2161,0.2197,0
26,ATM012,0.1584,0.1889,0.2695,0.0,0
27,ATM001,0.1887,0.2734,0.6054,1.0,0
27,ATM002,0.1887,0.2734,0.0296,0.2214,0
27,ATM003,0.1887,0.2734,0.2712,0.0,0
27,ATM004,0.1887,0.2734,0.319,0.2201,0
27,ATM005,0.1887,0.2734,0.4439,1.0,0
27,ATM006,0.1887,0.2734,0.6973,0.4324,0
27,ATM007,0.1887,0.2734,0.3976,0.0,0
27,ATM008,0.1887,0.2734,0.446,0.0,0
27,ATM009,0.1887,0.2734,0.0813,0.0,0
27,ATM010,0.1887,0.2734,0.7441,1.0,1
27,ATM011,0.1887,0.2734,0.1531,0.2197,0
27,ATM012,0.1887,0.2734,0.5122,0.0,0
28,ATM001,0.1412,0.1362,0.0445,1.0,0
28,ATM002,0.1412,0.1362,0.5927,0.2214,0
28,ATM003,0.1412,0.1362,0.5069,0.0,0
28,ATM004,0.1412,0.1362,0.6535,0.2201,0
28,ATM005,0.1412,0.1362,0.8299,1.0,0
28,ATM006,0.1412,0.1362,0.8968,0.4324,1
28,ATM007,0.1412,0.1362,0.73,0.0,0
28,ATM008,0.1412,0.1362,0.416,0.0,0
28,ATM009,0.1412,0.1362,0.1062,0.0,0
28,ATM010,0.1412,0.1362,0.4303,1.0,0
28,ATM011,0.1412,0.1362,0.2161,0.2197,0
28,ATM012,0.1412,0.1362,0.2695,0.0,0
29,ATM001,0.3253,0.6005,0.5003,1.0,0
29,ATM002,0.3253,0.6005,0.2786,0.2214,0
29,ATM003,0.3253,0.6005,0.0328,0.0,0
29,ATM004,0.3253,0.6005,0.6784,0.2201,0
29,ATM005,0.3253,0.6005,0.4713,1.0,1
29,ATM006,0.3253,0.6005,0.3804,0.6547,0
29,ATM007,0.3253,0.6005,0.8322,0.0,0
29,ATM008,0.3253,0.6005,0.3704,0.0,0
29,ATM009,0.3253,0.6005,0.2,0.0,0
29,ATM010,0.3253,0.6005,0.1857,1.0,0
29,ATM011,0.3253,0.6005,0.4118,0.2197,0
29,ATM012,0.3253,0.6005,0.153,0.0,0
30,ATM001,0.2051,0.3166,0.0445,1.0,0
30,ATM002,0.2051,0.3166,0.5927,0.2214,0
30,ATM003,0.2051,0.3166,0.5069,0.0,0
30,ATM004,0.2051,0.3166,0.6535,0.2201,0
30,ATM005,0.2051,0.3166,0.8299,1.0,1
30,ATM006,0.2051,0.3166,0.8968,0.6547,0
30,ATM007,0.2051,0.3166,0.73,0.0,0
30,ATM008,0.2051,0.3166,0.416,0.0,0
30,ATM009,0.2051,0.3166,0.1062,0.0,0
30,ATM010,0.2051,0.3166,0.4303,1.0,0
30,ATM011,0.2051,0.3166,0.2161,0.2197,0
30,ATM012,0.2051,0.3166,0.2695,0.0,0
31,ATM001,0.1459,0.1511,0.5003,1.0,1
31,ATM002,0.1459,0.1511,0.2786,0.2214,0
31,ATM003,0.1459,0.1511,0.0328,0.0,0
31,ATM004,0.1459,0.1511,0.6784,0.2201,0
31,ATM005,0.1459,0.1511,0.4713,1.0,0
31,ATM006,0.1459,0.1511,0.3804,0.6547,0
31,ATM007,0.1459,0.1511,0.8322,0.0,0
31,ATM008,0.1459,0.1511,0.3704,0.0,0
31,ATM009,0.1459,0.1511,0.2,0.0,0
31,ATM010,0.1459,0.1511,0.1857,1.0,0
31,ATM011,0.1459,0.1511,0.4118,0.2197,0
31,ATM012,0.1459,0.1511,0.153,0.0,0
32,ATM001,0.2351,0.3919,0.0445,1.0,0
32,ATM002,0.2351,0.3919,0.5927,0.2214,0
32,ATM003,0.2351,0.3919,0.5069,0.0,0
32,ATM004,0.2351,0.3919,0.6535,0.2201,0
32,ATM005,0.2351,0.3919,0.8299,1.0,0
32,ATM006,0.2351,0.3919,0.8968,0.6547,0
32,ATM007,0.2351,0.3919,0.73,0.0,0
32,ATM008,0.2351,0.3919,0.416,0.0,0
32,ATM009,0.2351,0.3919,0.1062,0.0,0
32,ATM010,0.2351,0.3919,0.4303,1.0,1
32,ATM011,0.2351,0.3919,0.2161,0.2197,0
32,ATM012,0.2351,0.3919,0.2695,0.0,0
33,ATM001,0.2248,0.3667,0.9048,1.0,0
33,ATM002,0.2248,0.3667,0.6989,0.2214,0
33,ATM003,0.2248,0.3667,0.3734,0.0,0
33,ATM004,0.2248,0.3667,0.5135,0.2201,0
33,ATM005,0.2248,0.3667,0.7591,1.0,0
33,ATM006,0.2248,0.3667,0.0169,0.6547,0
33,ATM007,0.2248,0.3667,0.5374,0.0,0
33,ATM008,0.2248,0.3667,0.3626,0.0,0
33,ATM009,0.2248,0.3667,0.0813,0.0,0
33,ATM010,0.2248,0.3667,0.5696,1.0,1
33,ATM011,0.2248,0.3667,0.1634,0.2197,0
33,ATM012,0.2248,0.3667,0.2993,0.0,0
34,ATM001,0.1574,0.1858,0.6054,1.0,0
34,ATM002,0.1574,0.1858,0.0296,0.2214,0
34,ATM003,0.1574,0.1858,0.2712,0.0,0
34,ATM004,0.1574,0.1858,0.319,0.2201,0
34,ATM005,0.1574,0.1858,0.4439,1.0,1
34,ATM006,0.1574,0.1858,0.6973,0.6547,0
34,ATM007,0.1574,0.1858,0.3976,0.0,0
34,ATM008,0.1574,0.1858,0.446,0.0,0
34,ATM009,0.1574,0.1858,0.0813,0.0,0
34,ATM010,0.1574,0.1858,0.7441,1.0,0
34,ATM011,0.1574,0.1858,0.1531,0.2197,0
34,ATM012,0.1574,0.1858,0.5122,0.0,0
35,ATM001,0.1484,0.1588,0.9048,1.0,1
35,ATM002,0.1484,0.1588,0.6989,0.2214,0
35,ATM003,0.1484,0.1588,0.3734,0.0,0
35,ATM004,0.1484,0.1588,0.5135,0.2201,0
35,ATM005,0.1484,0.1588,0.7591,1.0,0
35,ATM006,0.1484,0.1588,0.0169,0.6547,0
35,ATM007,0.1484,0.1588,0.5374,0.0,0
35,ATM008,0.1484,0.1588,0.3626,0.0,0
35,ATM009,0.1484,0.1588,0.0813,0.0,0
35,ATM010,0.1484,0.1588,0.5696,1.0,0
35,ATM011,0.1484,0.1588,0.1634,0.2197,0
35,ATM012,0.1484,0.1588,0.2993,0.0,0
36,ATM001,0.448,0.8578,0.0445,1.0,0
36,ATM002,0.448,0.8578,0.5927,0.2214,0
36,ATM003,0.448,0.8578,0.5069,0.0,0
36,ATM004,0.448,0.8578,0.6535,0.2201,0
36,ATM005,0.448,0.8578,0.8299,1.0,1
36,ATM006,0.448,0.8578,0.8968,0.6547,0
36,ATM007,0.448,0.8578,0.73,0.0,0
36,ATM008,0.448,0.8578,0.416,0.0,0
36,ATM009,0.448,0.8578,0.1062,0.0,0
36,ATM010,0.448,0.8578,0.4303,1.0,0
36,ATM011,0.448,0.8578,0.2161,0.2197,0
36,ATM012,0.448,0.8578,0.2695,0.0,0
37,ATM001,0.2828,0.5049,0.0445,1.0,0
37,ATM002,0.2828,0.5049,0.5927,0.2214,0
37,ATM003,0.2828,0.5049,0.5069,0.0,0
37,ATM004,0.2828,0.5049,0.6535,0.2201,0
37,ATM005,0.2828,0.5049,0.8299,1.0,1
37,ATM006,0.2828,0.5049,0.8968,0.6547,0
37,ATM007,0.2828,0.5049,0.73,0.0,0
37,ATM008,0.2828,0.5049,0.416,0.0,0
37,ATM009,0.2828,0.5049,0.1062,0.0,0
37,ATM010,0.2828,0.5049,0.4303,1.0,0
37,ATM011,0.2828,0.5049,0.2161,0.2197,0
37,ATM012,0.2828,0.5049,0.2695,0.0,0
38,ATM001,0.1092,0.0152,0.9048,1.0,0
38,ATM002,0.1092,0.0152,0.6989,0.2214,0
38,ATM003,0.1092,0.0152,0.3734,0.0,0
38,ATM004,0.1092,0.0152,0.5135,0.2201,0
38,ATM005,0.1092,0.0152,0.7591,1.0,1
38,ATM006,0.1092,0.0152,0.0169,0.6547,0
38,ATM007,0.1092,0.0152,0.5374,0.0,0
38,ATM008,0.1092,0.0152,0.3626,0.0,0
38,ATM009,0.1092,0.0152,0.0813,0.0,0
38,ATM010,0.1092,0.0152,0.5696,1.0,0
38,ATM011,0.1092,0.0152,0.1634,0.2197,0
38,ATM012,0.1092,0.0152,0.2993,0.0,0
39,ATM001,0.2641,0.4615,0.6054,1.0,0
39,ATM002,0.2641,0.4615,0.0296,0.2214,0
39,ATM003,0.2641,0.4615,0.2712,0.0,0
39,ATM004,0.2641,0.4615,0.319,0.2201,0
39,ATM005,0.2641,0.4615,0.4439,1.0,0
39,ATM006,0.2641,0.4615,0.6973,0.6547,1
39,ATM007,0.2641,0.4615,0.3976,0.0,0
39,ATM008,0.2641,0.4615,0.446,0.0,0
39,ATM009,0.2641,0.4615,0.0813,0.0,0
39,ATM010,0.2641,0.4615,0.7441,1.0,0
39,ATM011,0.2641,0.4615,0.1531,0.2197,0
39,ATM012,0.2641,0.4615,0.5122,0.0,0
40,ATM001,0.2163,0.3453,0.6397,1.0,0
40,ATM002,0.2163,0.3453,0.3232,0.2214,0
40,ATM003,0.2163,0.3453,0.6754,0.0,0
40,ATM004,0.2163,0.3453,0.0208,0.2201,0
40,ATM005,0.2163,0.3453,0.7704,1.0,0
40,ATM006,0.2163,0.3453,0.5226,0.8808,0
40,ATM007,0.2163,0.3453,0.7336,0.0,0
40,ATM008,0.2163,0.3453,0.2824,0.0,0
40,ATM009,0.2163,0.3453,0.1115,0.0,0
40,ATM010,0.2163,0.3453,0.2449,1.0,1
40,ATM011,0.2163,0.3453,0.2302,0.2197,0
40,ATM012,0.2163,0.3453,0.1498,0.0,0
41,ATM001,0.3993,0.7583,0.5003,1.0,1
41,ATM002,0.3993,0.7583,0.2786,0.2214,0
41,ATM003,0.3993,0.7583,0.0328,0.0,0
41,ATM004,0.3993,0.7583,0.6784,0.2201,0
41,ATM005,0.3993,0.7583,0.4713,1.0,0
41,ATM006,0.3993,0.7583,0.3804,0.8808,0
41,ATM007,0.3993,0.7583,0.8322,0.0,0
41,ATM008,0.3993,0.7583,0.3704,0.0,0
41,ATM009,0.3993,0.7583,0.2,0.0,0
41,ATM010,0.3993,0.7583,0.1857,1.0,0
41,ATM011,0.3993,0.7583,0.4118,0.2197,0
41,ATM012,0.3993,0.7583,0.153,0.0,0
42,ATM001,0.2721,0.4803,0.5003,1.0,0
42,ATM002,0.2721,0.4803,0.2786,0.2214,0
42,ATM003,0.2721,0.4803,0.0328,0.0,0
42,ATM004,0.2721,0.4803,0.6784,0.2201,0
42,ATM005,0.2721,0.4803,0.4713,1.0,0
42,ATM006,0.2721,0.4803,0.3804,0.8808,0
42,ATM007,0.2721,0.4803,0.8322,0.0,1
42,ATM008,0.2721,0.4803,0.3704,0.0,0
42,ATM009,0.2721,0.4803,0.2,0.0,0
42,ATM010,0.2721,0.4803,0.1857,1.0,0
42,ATM011,0.2721,0.4803,0.4118,0.2197,0
42,ATM012,0.2721,0.4803,0.153,0.0,0
43,ATM001,0.1108,0.0235,0.6397,1.0,0
43,ATM002,0.1108,0.0235,0.3232,0.2214,0
43,ATM003,0.1108,0.0235,0.6754,0.0,0
43,ATM004,0.1108,0.0235,0.0208,0.2201,0
43,ATM005,0.1108,0.0235,0.7704,1.0,0
43,ATM006,0.1108,0.0235,0.5226,0.8808,0
43,ATM007,0.1108,0.0235,0.7336,0.2271,0
43,ATM008,0.1108,0.0235,0.2824,0.0,0
43,ATM009,0.1108,0.0235,0.1115,0.0,0
43,ATM010,0.1108,0.0235,0.2449,1.0,1
43,ATM011,0.1108,0.0235,0.2302,0.2197,0
43,ATM012,0.1108,0.0235,0.1498,0.0,0
44,ATM001,0.2324,0.3855,0.6397,1.0,1
44,ATM002,0.2324,0.3855,0.3232,0.2214,0
44,ATM003,0.2324,0.3855,0.6754,0.0,0
44,ATM004,0.2324,0.3855,0.0208,0.2201,0
44,ATM005,0.2324,0.3855,0.7704,1.0,0
44,ATM006,0.2324,0.3855,0.5226,0.8808,0
44,ATM007,0.2324,0.3855,0.7336,0.2271,0
44,ATM008,0.2324,0.3855,0.2824,0.0,0
44,ATM009,0.2324,0.3855,0.1115,0.0,0
44,ATM010,0.2324,0.3855,0.2449,1.0,0
44,ATM011,0.2324,0.3855,0.2302,0.2197,0
44,ATM012,0.2324,0.3855,0.1498,0.0,0
45,ATM001,0.4508,0.8636,0.6397,1.0,1
45,ATM002,0.4508,0.8636,0.3232,0.2214,0
45,ATM003,0.4508,0.8636,0.6754,0.0,0
45,ATM004,0.4508,0.8636,0.0208,0.2201,0
45,ATM005,0.4508,0.8636,0.7704,1.0,0
45,ATM006,0.4508,0.8636,0.5226,0.8808,0
45,ATM007,0.4508,0.8636,0.7336,0.2271,0
45,ATM008,0.4508,0.8636,0.2824,0.0,0
45,ATM009,0.4508,0.8636,0.1115,0.0,0
45,ATM010,0.4508,0.8636,0.2449,1.0,0
45,ATM011,0.4508,0.8636,0.2302,0.2197,0
45,ATM012,0.4508,0.8636,0.1498,0.0,0
46,ATM001,0.2177,0.3488,0.6397,1.0,1
46,ATM002,0.2177,0.3488,0.3232,0.2214,0
46,ATM003,0.2177,0.3488,0.6754,0.0,0
46,ATM004,0.2177,0.3488,0.0208,0.2201,0
46,ATM005,0.2177,0.3488,0.7704,1.0,0
46,ATM006,0.2177,0.3488,0.5226,0.8808,0
46,ATM007,0.2177,0.3488,0.7336,0.2271,0
46,ATM008,0.2177,0.3488,0.2824,0.0,0
46,ATM009,0.2177,0.3488,0.1115,0.0,0
46,ATM010,0.2177,0.3488,0.2449,1.0,0
46,ATM011,0.2177,0.3488,0.2302,0.2197,0
46,ATM012,0.2177,0.3488,0.1498,0.0,0
47,ATM001,0.4776,0.917,0.6397,1.0,1
47,ATM002,0.4776,0.917,0.3232,0.2214,0
47,ATM003,0.4776,0.917,0.6754,0.0,0
47,ATM004,0.4776,0.917,0.0208,0.2201,0
47,ATM005,0.4776,0.917,0.7704,1.0,0
47,ATM006,0.4776,0.917,0.5226,0.8808,0
47,ATM007,0.4776,0.917,0.7336,0.2271,0
47,ATM008,0.4776,0.917,0.2824,0.0,0
47,ATM009,0.4776,0.917,0.1115,0.0,0
47,ATM010,0.4776,0.917,0.2449,1.0,0
47,ATM011,0.4776,0.917,0.2302,0.2197,0
47,ATM012,0.4776,0.917,0.1498,0.0,0
48,ATM001,0.5183,0.9967,0.6054,1.0,0
48,ATM002,0.5183,0.9967,0.0296,0.2214,0
48,ATM003,0.5183,0.9967,0.2712,0.0,0
48,ATM004,0.5183,0.9967,0.319,0.2201,0
48,ATM005,0.5183,0.9967,0.4439,1.0,0
48,ATM006,0.5183,0.9967,0.6973,0.8808,1
48,ATM007,0.5183,0.9967,0.3976,0.2271,0
48,ATM008,0.5183,0.9967,0.446,0.0,0
48,ATM009,0.5183,0.9967,0.0813,0.0,0
48,ATM010,0.5183,0.9967,0.7441,1.0,0
48,ATM011,0.5183,0.9967,0.1531,0.2197,0
48,ATM012,0.5183,0.9967,0.5122,0.0,0
49,ATM001,0.3703,0.6977,0.0445,1.0,0
49,ATM002,0.3703,0.6977,0.5927,0.2214,0
49,ATM003,0.3703,0.6977,0.5069,0.0,0
49,ATM004,0.3703,0.6977,0.6535,0.2201,0
49,ATM005,0.3703,0.6977,0.8299,1.0,0
49,ATM006,0.3703,0.6977,0.8968,1.0,0
49,ATM007,0.3703,0.6977,0.73,0.2271,0
49,ATM008,0.3703,0.6977,0.416,0.0,0
49,ATM009,0.3703,0.6977,0.1062,0.0,0
49,ATM010,0.3703,0.6977,0.4303,1.0,1
49,ATM011,0.3703,0.6977,0.2161,0.2197,0
49,ATM012,0.3703,0.6977,0.2695,0.0,0
50,ATM001,0.1084,0.0105,0.6054,1.0,0
50,ATM002,0.1084,0.0105,0.0296,0.2214,0
50,ATM003,0.1084,0.0105,0.2712,0.0,0
50,ATM004,0.1084,0.0105,0.319,0.2201,0
50,ATM005,0.1084,0.0105,0.4439,1.0,0
50,ATM006,0.1084,0.0105,0.6973,1.0,0
50,ATM007,0.1084,0.0105,0.3976,0.2271,0
50,ATM008,0.1084,0.0105,0.446,0.0,0
50,ATM009,0.1084,0.0105,0.0813,0.0,0
50,ATM010,0.1084,0.0105,0.7441,1.0,1
50,ATM011,0.1084,0.0105,0.1531,0.2197,0
50,ATM012,0.1084,0.0105,0.5122,0.0,0
51,ATM001,0.2394,0.4025,0.6054,1.0,1
51,ATM002,0.2394,0.4025,0.0296,0.2214,0
51,ATM003,0.2394,0.4025,0.2712,0.0,0
51,ATM004,0.2394,0.4025,0.319,0.2201,0
51,ATM005,0.2394,0.4025,0.4439,1.0,0
51,ATM006,0.2394,0.4025,0.6973,1.0,0
51,ATM007,0.2394,0.4025,0.3976,0.2271,0
51,ATM008,0.2394,0.4025,0.446,0.0,0
51,ATM009,0.2394,0.4025,0.0813,0.0,0
51,ATM010,0.2394,0.4025,0.7441,1.0,0
51,ATM011,0.2394,0.4025,0.1531,0.2197,0
51,ATM012,0.2394,0.4025,0.5122,0.0,0
52,ATM001,0.3463,0.6462,0.5003,1.0,0
52,ATM002,0.3463,0.6462,0.2786,0.2214,0
52,ATM003,0.3463,0.6462,0.0328,0.0,0
52,ATM004,0.3463,0.6462,0.6784,0.2201,0
52,ATM005,0.3463,0.6462,0.4713,1.0,0
52,ATM006,0.3463,0.6462,0.3804,1.0,0
52,ATM007,0.3463,0.6462,0.8322,0.2271,1
52,ATM008,0.3463,0.6462,0.3704,0.0,0
52,ATM009,0.3463,0.6462,0.2,0.0,0
52,ATM010,0.3463,0.6462,0.1857,1.0,0
52,ATM011,0.3463,0.6462,0.4118,0.2197,0
52,ATM012,0.3463,0.6462,0.153,0.0,0
53,ATM001,0.3327,0.6167,0.0445,1.0,0
53,ATM002,0.3327,0.6167,0.5927,0.2214,0
53,ATM003,0.3327,0.6167,0.5069,0.0,0
53,ATM004,0.3327,0.6167,0.6535,0.2201,0
53,ATM005,0.3327,0.6167,0.8299,1.0,0
53,ATM006,0.3327,0.6167,0.8968,1.0,1
53,ATM007,0.3327,0.6167,0.73,0.4575,0
53,ATM008,0.3327,0.6167,0.416,0.0,0
53,ATM009,0.3327,0.6167,0.1062,0.0,0
53,ATM010,0.3327,0.6167,0.4303,1.0,0
53,ATM011,0.3327,0.6167,0.2161,0.2197,0
53,ATM012,0.3327,0.6167,0.2695,0.0,0
54,ATM001,0.1086,0.0116,0.6054,1.0,1
54,ATM002,0.1086,0.0116,0.0296,0.2214,0
54,ATM003,0.1086,0.0116,0.2712,0.0,0
54,ATM004,0.1086,0.0116,0.319,0.2201,0
54,ATM005,0.1086,0.0116,0.4439,1.0,0
54,ATM006,0.1086,0.0116,0.6973,1.0,0
54,ATM007,0.1086,0.0116,0.3976,0.4575,0
54,ATM008,0.1086,0.0116,0.446,0.0,0
54,ATM009,0.1086,0.0116,0.0813,0.0,0
54,ATM010,0.1086,0.0116,0.7441,1.0,0
54,ATM011,0.1086,0.0116,0.1531,0.2197,0
54,ATM012,0.1086,0.0116,0.5122,0.0,0
55,ATM001,0.4354,0.8325,0.6397,1.0,0
55,ATM002,0.4354,0.8325,0.3232,0.2214,0
55,ATM003,0.4354,0.8325,0.6754,0.0,0
55,ATM004,0.4354,0.8325,0.0208,0.2201,0
55,ATM005,0.4354,0.8325,0.7704,1.0,1
55,ATM006,0.4354,0.8325,0.5226,1.0,0
55,ATM007,0.4354,0.8325,0.7336,0.4575,0
55,ATM008,0.4354,0.8325,0.2824,0.0,0
55,ATM009,0.4354,0.8325,0.1115,0.0,0
55,ATM010,0.4354,0.8325,0.2449,1.0,0
55,ATM011,0.4354,0.8325,0.2302,0.2197,0
55,ATM012,0.4354,0.8325,0.1498,0.0,0
56,ATM001,0.1169,0.0506,0.5003,1.0,0
56,ATM002,0.1169,0.0506,0.2786,0.2214,0
56,ATM003,0.1169,0.0506,0.0328,0.0,0
56,ATM004,0.1169,0.0506,0.6784,0.2201,0
56,ATM005,0.1169,0.0506,0.4713,1.0,0
56,ATM006,0.1169,0.0506,0.3804,1.0,1
56,ATM007,0.1169,0.0506,0.8322,0.4575,0
56,ATM008,0.1169,0.0506,0.3704,0.0,0
56,ATM009,0.1169,0.0506,0.2,0.0,0
56,ATM010,0.1169,0.0506,0.1857,1.0,0
56,ATM011,0.1169,0.0506,0.4118,0.2197,0
56,ATM012,0.1169,0.0506,0.153,0.0,0
57,ATM001,0.2583,0.4478,0.6397,1.0,0
57,ATM002,0.2583,0.4478,0.3232,0.2214,0
57,ATM003,0.2583,0.4478,0.6754,0.0,0
57,ATM004,0.2583,0.4478,0.0208,0.2201,0
57,ATM005,0.2583,0.4478,0.7704,1.0,0
57,ATM006,0.2583,0.4478,0.5226,1.0,0
57,ATM007,0.2583,0.4478,0.7336,0.4575,0
57,ATM008,0.2583,0.4478,0.2824,0.0,0
57,ATM009,0.2583,0.4478,0.1115,0.0,0
57,ATM010,0.2583,0.4478,0.2449,1.0,1
57,ATM011,0.2583,0.4478,0.2302,0.2197,0
57,ATM012,0.2583,0.4478,0.1498,0.0,0
58,ATM001,0.1672,0.2144,0.5003,1.0,0
58,ATM002,0.1672,0.2144,0.2786,0.2214,0
58,ATM003,0.1672,0.2144,0.0328,0.0,0
58,ATM004,0.1672,0.2144,0.6784,0.2201,0
58,ATM005,0.1672,0.2144,0.4713,1.0,0
58,ATM006,0.1672,0.2144,0.3804,1.0,0
58,ATM007,0.1672,0.2144,0.8322,0.4575,1
58,ATM008,0.1672,0.2144,0.3704,0.0,0
58,ATM009,0.1672,0.2144,0.2,0.0,0
58,ATM010,0.1672,0.2144,0.1857,1.0,0
58,ATM011,0.1672,0.2144,0.4118,0.2197,0
58,ATM012,0.1672,0.2144,0.153,0.0,0
59,ATM001,0.1218,0.0697,0.0445,1.0,0
59,ATM002,0.1218,0.0697,0.5927,0.2214,0
59,ATM003,0.1218,0.0697,0.5069,0.0,0
59,ATM004,0.1218,0.0697,0.6535,0.2201,0
59,ATM005,0.1218,0.0697,0.8299,1.0,1
59,ATM006,0.1218,0.0697,0.8968,1.0,0
59,ATM007,0.1218,0.0697,0.73,0.6901,0
59,ATM008,0.1218,0.0697,0.416,0.0,0
59,ATM009,0.1218,0.0697,0.1062,0.0,0
59,ATM010,0.1218,0.0697,0.4303,1.0,0
59,ATM011,0.1218,0.0697,0.2161,0.2197,0
59,ATM012,0.1218,0.0697,0.2695,0.0,0
60,ATM001,0.1984,0.2992,0.5003,1.0,0
60,ATM002,0.1984,0.2992,0.2786,0.2214,0
60,ATM003,0.1984,0.2992,0.0328,0.0,0
60,ATM004,0.1984,0.2992,0.6784,0.2201,0
60,ATM005,0.1984,0.2992,0.4713,1.0,1
60,ATM006,0.1984,0.2992,0.3804,1.0,0
60,ATM007,0.1984,0.2992,0.8322,0.6901,0
60,ATM008,0.1984,0.2992,0.3704,0.0,0
60,ATM009,0.1984,0.2992,0.2,0.0,0
60,ATM010,0.1984,0.2992,0.1857,1.0,0
60,ATM011,0.1984,0.2992,0.4118,0.2197,0
60,ATM012,0.1984,0.2992,0.153,0.0,0
61,ATM001,0.385,0.7286,0.0445,1.0,0
61,ATM002,0.385,0.7286,0.5927,0.2214,0
61,ATM003,0.385,0.7286,0.5069,0.0,0
61,ATM004,0.385,0.7286,0.6535,0.2201,0
61,ATM005,0.385,0.7286,0.8299,1.0,1
61,ATM006,0.385,0.7286,0.8968,1.0,0
61,ATM007,0.385,0.7286,0.73,0.6901,0
61,ATM008,0.385,0.7286,0.416,0.0,0
61,ATM009,0.385,0.7286,0.1062,0.0,0
61,ATM010,0.385,0.7286,0.4303,1.0,0
61,ATM011,0.385,0.7286,0.2161,0.2197,0
61,ATM012,0.385,0.7286,0.2695,0.0,0
62,ATM001,0.3838,0.7261,0.5003,1.0,0
62,ATM002,0.3838,0.7261,0.2786,0.2214,0
62,ATM003,0.3838,0.7261,0.0328,0.0,0
62,ATM004,0.3838,0.7261,0.6784,0.2201,0
62,ATM005,0.3838,0.7261,0.4713,1.0,1
62,ATM006,0.3838,0.7261,0.3804,1.0,0
62,ATM007,0.3838,0.7261,0.8322,0.6901,0
62,ATM008,0.3838,0.7261,0.3704,0.0,0
62,ATM009,0.3838,0.7261,0.2,0.0,0
62,ATM010,0.3838,0.7261,0.1857,1.0,0
62,ATM011,0.3838,0.7261,0.4118,0.2197,0
62,ATM012,0.3838,0.7261,0.153,0.0,0
63,ATM001,0.3453,0.644,0.6397,1.0,1
63,ATM002,0.3453,0.644,0.3232,0.2214,0
63,ATM003,0.3453,0.644,0.6754,0.0,0
63,ATM004,0.3453,0.644,0.0208,0.2201,0
63,ATM005,0.3453,0.644,0.7704,1.0,0
63,ATM006,0.3453,0.644,0.5226,1.0,0
63,ATM007,0.3453,0.644,0.7336,0.6901,0
63,ATM008,0.3453,0.644,0.2824,0.0,0
63,ATM009,0.3453,0.644,0.1115,0.0,0
63,ATM010,0.3453,0.644,0.2449,1.0,0
63,ATM011,0.3453,0.644,0.2302,0.2197,0
63,ATM012,0.3453,0.644,0.1498,0.0,0
64,ATM001,0.4382,0.8381,0.9048,1.0,0
64,ATM002,0.4382,0.8381,0.6989,0.2214,0
64,ATM003,0.4382,0.8381,0.3734,0.0,0
64,ATM004,0.4382,0.8381,0.5135,0.2201,0
64,ATM005,0.4382,0.8381,0.7591,1.0,0
64,ATM006,0.4382,0.8381,0.0169,1.0,0
64,ATM007,0.4382,0.8381,0.5374,0.6901,1
64,ATM008,0.4382,0.8381,0.3626,0.0,0
64,ATM009,0.4382,0.8381,0.0813,0.0,0
64,ATM010,0.4382,0.8381,0.5696,1.0,0
64,ATM011,0.4382,0.8381,0.1634,0.2197,0
64,ATM012,0.4382,0.8381,0.2993,0.0,0
65,ATM001,0.3318,0.6147,0.5003,1.0,0
65,ATM002,0.3318,0.6147,0.2786,0.2214,0
65,ATM003,0.3318,0.6147,0.0328,0.0,0
65,ATM004,0.3318,0.6147,0.6784,0.2201,0
65,ATM005,0.3318,0.6147,0.4713,1.0,0
65,ATM006,0.3318,0.6147,0.3804,1.0,0
65,ATM007,0.3318,0.6147,0.8322,0.9247,0
65,ATM008,0.3318,0.6147,0.3704,0.0,0
65,ATM009,0.3318,0.6147,0.2,0.0,0
65,ATM010,0.3318,0.6147,0.1857,1.0,1
65,ATM011,0.3318,0.6147,0.4118,0.2197,0
65,ATM012,0.3318,0.6147,0.153,0.0,0
66,ATM001,0.2072,0.322,0.6397,1.0,0
66,ATM002,0.2072,0.322,0.3232,0.2214,0
66,ATM003,0.2072,0.322,0.6754,0.0,0
66,ATM004,0.2072,0.322,0.0208,0.2201,0
66,ATM005,0.2072,0.322,0.7704,1.0,0
66,ATM006,0.2072,0.322,0.5226,1.0,0
66,ATM007,0.2072,0.322,0.7336,0.9247,0
66,ATM008,0.2072,0.322,0.2824,0.0,0
66,ATM009,0.2072,0.322,0.1115,0.0,0
66,ATM010,0.2072,0.322,0.2449,1.0,1
66,ATM011,0.2072,0.322,0.2302,0.2197,0
66,ATM012,0.2072,0.322,0.1498,0.0,0
67,ATM001,0.1074,0.0039,0.5003,1.0,1
67,ATM002,0.1074,0.0039,0.2786,0.2214,0
67,ATM003,0.1074,0.0039,0.0328,0.0,0
67,ATM004,0.1074,0.0039,0.6784,0.2201,0
67,ATM005,0.1074,0.0039,0.4713,1.0,0
67,ATM006,0.1074,0.0039,0.3804,1.0,0
67,ATM007,0.1074,0.0039,0.8322,0.9247,0
67,ATM008,0.1074,0.0039,0.3704,0.0,0
67,ATM009,0.1074,0.0039,0.2,0.0,0
67,ATM010,0.1074,0.0039,0.1857,1.0,0
67,ATM011,0.1074,0.0039,0.4118,0.2197,0
67,ATM012,0.1074,0.0039,0.153,0.0,0
68,ATM001,0.2055,0.3177,0.6397,1.0,0
68,ATM002,0.2055,0.3177,0.3232,0.2214,0
68,ATM003,0.2055,0.3177,0.6754,0.0,0
68,ATM004,0.2055,0.3177,0.0208,0.2201,0
68,ATM005,0.2055,0.3177,0.7704,1.0,0
68,ATM006,0.2055,0.3177,0.5226,1.0,0
68,ATM007,0.2055,0.3177,0.7336,0.9247,0
68,ATM008,0.2055,0.3177,0.2824,0.0,0
68,ATM009,0.2055,0.3177,0.1115,0.0,0
68,ATM010,0.2055,0.3177,0.2449,1.0,1
68,ATM011,0.2055,0.3177,0.2302,0.2197,0
68,ATM012,0.2055,0.3177,0.1498,0.0,0
69,ATM001,0.4054,0.7711,0.0445,1.0,0
69,ATM002,0.4054,0.7711,0.5927,0.2214,0
69,ATM003,0.4054,0.7711,0.5069,0.0,0
69,ATM004,0.4054,0.7711,0.6535,0.2201,0
69,ATM005,0.4054,0.7711,0.8299,1.0,1
69,ATM006,0.4054,0.7711,0.8968,1.0,0
69,ATM007,0.4054,0.7711,0.73,0.9247,0
69,ATM008,0.4054,0.7711,0.416,0.0,0
69,ATM009,0.4054,0.7711,0.1062,0.0,0
69,ATM010,0.4054,0.7711,0.4303,1.0,0
69,ATM011,0.4054,0.7711,0.2161,0.2197,0
69,ATM012,0.4054,0.7711,0.2695,0.0,0
70,ATM001,0.2072,0.322,0.6397,1.0,0
70,ATM002,0.2072,0.322,0.3232,0.2214,0
70,ATM003,0.2072,0.322,0.6754,0.0,0
70,ATM004,0.2072,0.322,0.0208,0.2201,0
70,ATM005,0.2072,0.322,0.7704,1.0,0
70,ATM006,0.2072,0.322,0.5226,1.0,0
70,ATM007,0.2072,0.322,0.7336,0.9247,0
70,ATM008,0.2072,0.322,0.2824,0.0,1
70,ATM009,0.2072,0.322,0.1115,0.0,0
70,ATM010,0.2072,0.322,0.2449,1.0,0
70,ATM011,0.2072,0.322,0.2302,0.2197,0
70,ATM012,0.2072,0.322,0.1498,0.0,0
71,ATM001,0.4382,0.8381,0.6397,1.0,1
71,ATM002,0.4382,0.8381,0.3232,0.2214,0
71,ATM003,0.4382,0.8381,0.6754,0.0,0
71,ATM004,0.4382,0.8381,0.0208,0.2201,0
71,ATM005,0.4382,0.8381,0.7704,1.0,0
71,ATM006,0.4382,0.8381,0.5226,1.0,0
71,ATM007,0.4382,0.8381,0.7336,0.9247,0
71,ATM008,0.4382,0.8381,0.2824,0.2367,0
71,ATM009,0.4382,0.8381,0.1115,0.0,0
71,ATM010,0.4382,0.8381,0.2449,1.0,0
71,ATM011,0.4382,0.8381,0.2302,0.2197,0
71,ATM012,0.4382,0.8381,0.1498,0.0,0
72,ATM001,0.3725,0.7023,0.0445,1.0,0
72,ATM002,0.3725,0.7023,0.5927,0.2214,0
72,ATM003,0.3725,0.7023,0.5069,0.0,0
72,ATM004,0.3725,0.7023,0.6535,0.2201,0
72,ATM005,0.3725,0.7023,0.8299,1.0,0
72,ATM006,0.3725,0.7023,0.8968,1.0,0
72,ATM007,0.3725,0.7023,0.73,0.9247,0
72,ATM008,0.3725,0.7023,0.416,0.2367,0
72,ATM009,0.3725,0.7023,0.1062,0.0,0
72,ATM010,0.3725,0.7023,0.4303,1.0,1
72,ATM011,0.3725,0.7023,0.2161,0.2197,0
72,ATM012,0.3725,0.7023,0.2695,0.0,0
73,ATM001,0.233,0.3867,0.6054,1.0,1
73,ATM002,0.233,0.3867,0.0296,0.2214,0
73,ATM003,0.233,0.3867,0.2712,0.0,0
73,ATM004,0.233,0.3867,0.319,0.2201,0
73,ATM005,0.233,0.3867,0.4439,1.0,0
73,ATM006,0.233,0.3867,0.6973,1.0,0
73,ATM007,0.233,0.3867,0.3976,0.9247,0
73,ATM008,0.233,0.3867,0.446,0.2367,0
73,ATM009,0.233,0.3867,0.0813,0.0,0
73,ATM010,0.233,0.3867,0.7441,1.0,0
73,ATM011,0.233,0.3867,0.1531,0.2197,0
73,ATM012,0.233,0.3867,0.5122,0.0,0
74,ATM001,0.2564,0.4434,0.9048,1.0,0
74,ATM002,0.2564,0.4434,0.6989,0.2214,0
74,ATM003,0.2564,0.4434,0.3734,0.0,0
74,ATM004,0.2564,0.4434,0.5135,0.2201,0
74,ATM005,0.2564,0.4434,0.7591,1.0,0
74,ATM006,0.2564,0.4434,0.0169,1.0,0
74,ATM007,0.2564,0.4434,0.5374,0.9247,0
74,ATM008,0.2564,0.4434,0.3626,0.2367,0
74,ATM009,0.2564,0.4434,0.0813,0.0,0
74,ATM010,0.2564,0.4434,0.5696,1.0,1
74,ATM011,0.2564,0.4434,0.1634,0.2197,0
74,ATM012,0.2564,0.4434,0.2993,0.0,0
75,ATM001,0.2997,0.5434,0.9048,1.0,0
75,ATM002,0.2997,0.5434,0.6989,0.2214,0
75,ATM003,0.2997,0.5434,0.3734,0.0,0
75,ATM004,0.2997,0.5434,0.5135,0.2201,0
75,ATM005,0.2997,0.5434,0.7591,1.0,0
75,ATM006,0.2997,0.5434,0.0169,1.0,0
75,ATM007,0.2997,0.5434,0.5374,0.9247,0
75,ATM008,0.2997,0.5434,0.3626,0.2367,1
75,ATM009,0.2997,0.5434,0.0813,0.0,0
75,ATM010,0.2997,0.5434,0.5696,1.0,0
75,ATM011,0.2997,0.5434,0.1634,0.2197,0
75,ATM012,0.2997,0.5434,0.2993,0.0,0
76,ATM001,0.2273,0.3728,0.9048,1.0,0
76,ATM002,0.2273,0.3728,0.6989,0.2214,1
76,ATM003,0.2273,0.3728,0.3734,0.0,0
76,ATM004,0.2273,0.3728,0.5135,0.2201,0
76,ATM005,0.2273,0.3728,0.7591,1.0,0
76,ATM006,0.2273,0.3728,0.0169,1.0,0
76,ATM007,0.2273,0.3728,0.5374,0.9247,0
76,ATM008,0.2273,0.3728,0.3626,0.4752,0
76,ATM009,0.2273,0.3728,0.0813,0.0,0
76,ATM010,0.2273,0.3728,0.5696,1.0,0
76,ATM011,0.2273,0.3728,0.1634,0.2197,0
76,ATM012,0.2273,0.3728,0.2993,0.0,0
77,ATM001,0.2742,0.4851,0.5003,1.0,0
77,ATM002,0.2742,0.4851,0.2786,0.4602,0
77,ATM003,0.2742,0.4851,0.0328,0.0,0
77,ATM004,0.2742,0.4851,0.6784,0.2201,0
77,ATM005,0.2742,0.4851,0.4713,1.0,1
77,ATM006,0.2742,0.4851,0.3804,1.0,0
77,ATM007,0.2742,0.4851,0.8322,0.9247,0
77,ATM008,0.2742,0.4851,0.3704,0.4752,0
77,ATM009,0.2742,0.4851,0.2,0.0,0
77,ATM010,0.2742,0.4851,0.1857,1.0,0
77,ATM011,0.2742,0.4851,0.4118,0.2197,0
77,ATM012,0.2742,0.4851,0.153,0.0,0
78,ATM001,0.117,0.0511,0.9048,1.0,0
78,ATM002,0.117,0.0511,0.6989,0.4602,0
78,ATM003,0.117,0.0511,0.3734,0.0,0
78,ATM004,0.117,0.0511,0.5135,0.2201,0
78,ATM005,0.117,0.0511,0.7591,1.0,1
78,ATM006,0.117,0.0511,0.0169,1.0,0
78,ATM007,0.117,0.0511,0.5374,0.9247,0
78,ATM008,0.117,0.0511,0.3626,0.4752,0
78,ATM009,0.117,0.0511,0.0813,0.0,0
78,ATM010,0.117,0.0511,0.5696,1.0,0
78,ATM011,0.117,0.0511,0.1634,0.2197,0
78,ATM012,0.117,0.0511,0.2993,0.0,0
79,ATM001,0.2224,0.3606,0.5003,1.0,0
79,ATM002,0.2224,0.3606,0.2786,0.4602,0
79,ATM003,0.2224,0.3606,0.0328,0.0,0
79,ATM004,0.2224,0.3606,0.6784,0.2201,0
79,ATM005,0.2224,0.3606,0.4713,1.0,0
79,ATM006,0.2224,0.3606,0.3804,1.0,0
79,ATM007,0.2224,0.3606,0.8322,0.9247,0
79,ATM008,0.2224,0.3606,0.3704,0.4752,0
79,ATM009,0.2224,0.3606,0.2,0.0,0
79,ATM010,0.2224,0.3606,0.1857,1.0,1
79,ATM011,0.2224,0.3606,0.4118,0.2197,0
79,ATM012,0.2224,0.3606,0.153,0.0,0
80,ATM001,0.4246,0.8106,0.6054,1.0,1
80,ATM002,0.4246,0.8106,0.0296,0.4602,0
80,ATM003,0.4246,0.8106,0.2712,0.0,0
80,ATM004,0.4246,0.8106,0.319,0.2201,0
80,ATM005,0.4246,0.8106,0.4439,1.0,0
80,ATM006,0.4246,0.8106,0.6973,1.0,0
80,ATM007,0.4246,0.8106,0.3976,0.9247,0
80,ATM008,0.4246,0.8106,0.446,0.4752,0
80,ATM009,0.4246,0.8106,0.0813,0.0,0
80,ATM010,0.4246,0.8106,0.7441,1.0,0
80,ATM011,0.4246,0.8106,0.1531,0.2197,0
80,ATM012,0.4246,0.8106,0.5122,0.0,0
81,ATM001,0.2721,0.4803,0.0445,1.0,0
81,ATM002,0.2721,0.4803,0.5927,0.4602,0
81,ATM003,0.2721,0.4803,0.5069,0.0,0
81,ATM004,0.2721,0.4803,0.6535,0.2201,0
81,ATM005,0.2721,0.4803,0.8299,1.0,1
81,ATM006,0.2721,0.4803,0.8968,1.0,0
81,ATM007,0.2721,0.4803,0.73,0.9247,0
81,ATM008,0.2721,0.4803,0.416,0.4752,0
81,ATM009,0.2721,0.4803,0.1062,0.0,0
81,ATM010,0.2721,0.4803,0.4303,1.0,0
81,ATM011,0.2721,0.4803,0.2161,0.2197,0
81,ATM012,0.2721,0.4803,0.2695,0.0,0
82,ATM001,0.2154,0.343,0.0445,1.0,0
82,ATM002,0.2154,0.343,0.5927,0.4602,0
82,ATM003,0.2154,0.343,0.5069,0.0,0
82,ATM004,0.2154,0.343,0.6535,0.2201,0
82,ATM005,0.2154,0.343,0.8299,1.0,1
82,ATM006,0.2154,0.343,0.8968,1.0,0
82,ATM007,0.2154,0.343,0.73,0.9247,0
82,ATM008,0.2154,0.343,0.416,0.4752,0
82,ATM009,0.2154,0.343,0.1062,0.0,0
82,ATM010,0.2154,0.343,0.4303,1.0,0
82,ATM011,0.2154,0.343,0.2161,0.2197,0
82,ATM012,0.2154,0.343,0.2695,0.0,0
83,ATM001,0.3554,0.6659,0.0445,1.0,0
83,ATM002,0.3554,0.6659,0.5927,0.4602,0
83,ATM003,0.3554,0.6659,0.5069,0.0,0
83,ATM004,0.3554,0.6659,0.6535,0.2201,0
83,ATM005,0.3554,0.6659,0.8299,1.0,1
83,ATM006,0.3554,0.6659,0.8968,1.0,0
83,ATM007,0.3554,0.6659,0.73,0.9247,0
83,ATM008,0.3554,0.6659,0.416,0.4752,0
83,ATM009,0.3554,0.6659,0.1062,0.0,0
83,ATM010,0.3554,0.6659,0.4303,1.0,0
83,ATM011,0.3554,0.6659,0.2161,0.2197,0
83,ATM012,0.3554,0.6659,0.2695,0.0,0
84,ATM001,0.3909,0.7408,0.9048,1.0,1
84,ATM002,0.3909,0.7408,0.6989,0.4602,0
84,ATM003,0.3909,0.7408,0.3734,0.0,0
84,ATM004,0.3909,0.7408,0.5135,0.2201,0
84,ATM005,0.3909,0.7408,0.7591,1.0,0
84,ATM006,0.3909,0.7408,0.0169,1.0,0
84,ATM007,0.3909,0.7408,0.5374,0.9247,0
84,ATM008,0.3909,0.7408,0.3626,0.4752,0
84,ATM009,0.3909,0.7408,0.0813,0.0,0
84,ATM010,0.3909,0.7408,0.5696,1.0,0
84,ATM011,0.3909,0.7408,0.1634,0.2197,0
84,ATM012,0.3909,0.7408,0.2993,0.0,0
85,ATM001,0.5183,0.9967,0.0445,1.0,0
85,ATM002,0.5183,0.9967,0.5927,0.4602,0
85,ATM003,0.5183,0.9967,0.5069,0.0,0
85,ATM004,0.5183,0.9967,0.6535,0.2201,0
85,ATM005,0.5183,0.9967,0.8299,1.0,0
85,ATM006,0.5183,0.9967,0.8968,1.0,1
85,ATM007,0.5183,0.9967,0.73,0.9247,0
85,ATM008,0.5183,0.9967,0.416,0.4752,0
85,ATM009,0.5183,0.9967,0.1062,0.0,0
85,ATM010,0.5183,0.9967,0.4303,1.0,0
85,ATM011,0.5183,0.9967,0.2161,0.2197,0
85,ATM012,0.5183,0.9967,0.2695,0.0,0
86,ATM001,0.1212,0.0674,0.9048,1.0,0
86,ATM002,0.1212,0.0674,0.6989,0.4602,0
86,ATM003,0.1212,0.0674,0.3734,0.0,0
86,ATM004,0.1212,0.0674,0.5135,0.2201,0
86,ATM005,0.1212,0.0674,0.7591,1.0,1
86,ATM006,0.1212,0.0674,0.0169,1.0,0
86,ATM007,0.1212,0.0674,0.5374,0.9247,0
86,ATM008,0.1212,0.0674,0.3626,0.4752,0
86,ATM009,0.1212,0.0674,0.0813,0.0,0
86,ATM010,0.1212,0.0674,0.5696,1.0,0
86,ATM011,0.1212,0.0674,0.1634,0.2197,0
86,ATM012,0.1212,0.0674,0.2993,0.0,0
87,ATM001,0.5183,0.9967,0.6054,1.0,0
87,ATM002,0.5183,0.9967,0.0296,0.4602,0
87,ATM003,0.5183,0.9967,0.2712,0.0,0
87,ATM004,0.5183,0.9967,0.319,0.2201,0
87,ATM005,0.5183,0.9967,0.4439,1.0,1
87,ATM006,0.5183,0.9967,0.6973,1.0,0
87,ATM007,0.5183,0.9967,0.3976,0.9247,0
87,ATM008,0.5183,0.9967,0.446,0.4752,0
87,ATM009,0.5183,0.9967,0.0813,0.0,0
87,ATM010,0.5183,0.9967,0.7441,1.0,0
87,ATM011,0.5183,0.9967,0.1531,0.2197,0
87,ATM012,0.5183,0.9967,0.5122,0.0,0
88,ATM001,0.2491,0.426,0.6054,1.0,0
88,ATM002,0.2491,0.426,0.0296,0.4602,0
88,ATM003,0.2491,0.426,0.2712,0.0,0
88,ATM004,0.2491,0.426,0.319,0.2201,0
88,ATM005,0.2491,0.426,0.4439,1.0,0
88,ATM006,0.2491,0.426,0.6973,1.0,0
88,ATM007,0.2491,0.426,0.3976,0.9247,0
88,ATM008,0.2491,0.426,0.446,0.4752,0
88,ATM009,0.2491,0.426,0.0813,0.0,0
88,ATM010,0.2491,0.426,0.7441,1.0,1
88,ATM011,0.2491,0.426,0.1531,0.2197,0
88,ATM012,0.2491,0.426,0.5122,0.0,0
89,ATM001,0.1292,0.0963,0.0445,1.0,0
89,ATM002,0.1292,0.0963,0.5927,0.4602,0
89,ATM003,0.1292,0.0963,0.5069,0.0,0
89,ATM004,0.1292,0.0963,0.6535,0.2201,0
89,ATM005,0.1292,0.0963,0.8299,1.0,1
89,ATM006,0.1292,0.0963,0.8968,1.0,0
89,ATM007,0.1292,0.0963,0.73,0.9247,0
89,ATM008,0.1292,0.0963,0.416,0.4752,0
89,ATM009,0.1292,0.0963,0.1062,0.0,0
89,ATM010,0.1292,0.0963,0.4303,1.0,0
89,ATM011,0.1292,0.0963,0.2161,0.2197,0
89,ATM012,0.1292,0.0963,0.2695,0.0,0
90,ATM001,0.2324,0.3855,0.6397,1.0,0
90,ATM002,0.2324,0.3855,0.3232,0.4602,0
90,ATM003,0.2324,0.3855,0.6754,0.0,0
90,ATM004,0.2324,0.3855,0.0208,0.2201,0
90,ATM005,0.2324,0.3855,0.7704,1.0,0
90,ATM006,0.2324,0.3855,0.5226,1.0,0
90,ATM007,0.2324,0.3855,0.7336,0.9247,0
90,ATM008,0.2324,0.3855,0.2824,0.4752,0
90,ATM009,0.2324,0.3855,0.1115,0.0,0
90,ATM010,0.2324,0.3855,0.2449,1.0,1
90,ATM011,0.2324,0.3855,0.2302,0.2197,0
90,ATM012,0.2324,0.3855,0.1498,0.0,0
91,ATM001,0.2828,0.5049,0.5003,1.0,0
91,ATM002,0.2828,0.5049,0.2786,0.4602,0
91,ATM003,0.2828,0.5049,0.0328,0.0,0
91,ATM004,0.2828,0.5049,0.6784,0.2201,0
91,ATM005,0.2828,0.5049,0.4713,1.0,0
91,ATM006,0.2828,0.5049,0.3804,1.0,0
91,ATM007,0.2828,0.5049,0.8322,0.9247,1
91,ATM008,0.2828,0.5049,0.3704,0.4752,0
91,ATM009,0.2828,0.5049,0.2,0.0,0
91,ATM010,0.2828,0.5049,0.1857,1.0,0
91,ATM011,0.2828,0.5049,0.4118,0.2197,0
91,ATM012,0.2828,0.5049,0.153,0.0,0
92,ATM001,0.108,0.0084,0.0445,1.0,0
92,ATM002,0.108,0.0084,0.5927,0.4602,0
92,ATM003,0.108,0.0084,0.5069,0.0,0
92,ATM004,0.108,0.0084,0.6535,0.2201,0
92,ATM005,0.108,0.0084,0.8299,1.0,0
92,ATM006,0.108,0.0084,0.8968,1.0,0
92,ATM007,0.108,0.0084,0.73,1.0,0
92,ATM008,0.108,0.0084,0.416,0.4752,0
92,ATM009,0.108,0.0084,0.1062,0.0,0
92,ATM010,0.108,0.0084,0.4303,1.0,1
92,ATM011,0.108,0.0084,0.2161,0.2197,0
92,ATM012,0.108,0.0084,0.2695,0.0,0
93,ATM001,0.3585,0.6726,0.9048,1.0,0
93,ATM002,0.3585,0.6726,0.6989,0.4602,0
93,ATM003,0.3585,0.6726,0.3734,0.0,0
93,ATM004,0.3585,0.6726,0.5135,0.2201,0
93,ATM005,0.3585,0.6726,0.7591,1.0,1
93,ATM006,0.3585,0.6726,0.0169,1.0,0
93,ATM007,0.3585,0.6726,0.5374,1.0,0
93,ATM008,0.3585,0.6726,0.3626,0.4752,0
93,ATM009,0.3585,0.6726,0.0813,0.0,0
93,ATM010,0.3585,0.6726,0.5696,1.0,0
93,ATM011,0.3585,0.6726,0.1634,0.2197,0
93,ATM012,0.3585,0.6726,0.2993,0.0,0
94,ATM001,0.1077,0.0059,0.0445,1.0,0
94,ATM002,0.1077,0.0059,0.5927,0.4602,0
94,ATM003,0.1077,0.0059,0.5069,0.0,0
94,ATM004,0.1077,0.0059,0.6535,0.2201,0
94,ATM005,0.1077,0.0059,0.8299,1.0,1
94,ATM006,0.1077,0.0059,0.8968,1.0,0
94,ATM007,0.1077,0.0059,0.73,1.0,0
94,ATM008,0.1077,0.0059,0.416,0.4752,0
94,ATM009,0.1077,0.0059,0.1062,0.0,0
94,ATM010,0.1077,0.0059,0.4303,1.0,0
94,ATM011,0.1077,0.0059,0.2161,0.2197,0
94,ATM012,0.1077,0.0059,0.2695,0.0,0
95,ATM001,0.1969,0.2952,0.6397,1.0,0
95,ATM002,0.1969,0.2952,0.3232,0.4602,0
95,ATM003,0.1969,0.2952,0.6754,0.0,0
95,ATM004,0.1969,0.2952,0.0208,0.2201,0
95,ATM005,0.1969,0.2952,0.7704,1.0,0
95,ATM006,0.1969,0.2952,0.5226,1.0,0
95,ATM007,0.1969,0.2952,0.7336,1.0,1
95,ATM008,0.1969,0.2952,0.2824,0.4752,0
95,ATM009,0.1969,0.2952,0.1115,0.0,0
95,ATM010,0.1969,0.2952,0.2449,1.0,0
95,ATM011,0.1969,0.2952,0.2302,0.2197,0
95,ATM012,0.1969,0.2952,0.1498,0.0,0
96,ATM001,0.2224,0.3606,0.5003,1.0,0
96,ATM002,0.2224,0.3606,0.2786,0.4602,0
96,ATM003,0.2224,0.3606,0.0328,0.0,0
96,ATM004,0.2224,0.3606,0.6784,0.2201,0
96,ATM005,0.2224,0.3606,0.4713,1.0,0
96,ATM006,0.2224,0.3606,0.3804,1.0,0
96,ATM007,0.2224,0.3606,0.8322,1.0,0
96,ATM008,0.2224,0.3606,0.3704,0.4752,0
96,ATM009,0.2224,0.3606,0.2,0.0,0
96,ATM010,0.2224,0.3606,0.1857,1.0,1
96,ATM011,0.2224,0.3606,0.4118,0.2197,0
96,ATM012,0.2224,0.3606,0.153,0.0,0
97,ATM001,0.1205,0.0648,0.9048,1.0,0
97,ATM002,0.1205,0.0648,0.6989,0.4602,0
97,ATM003,0.1205,0.0648,0.3734,0.0,0
97,ATM004,0.1205,0.0648,0.5135,0.2201,0
97,ATM005,0.1205,0.0648,0.7591,1.0,0
97,ATM006,0.1205,0.0648,0.0169,1.0,0
97,ATM007,0.1205,0.0648,0.5374,1.0,0
97,ATM008,0.1205,0.0648,0.3626,0.4752,0
97,ATM009,0.1205,0.0648,0.0813,0.0,0
97,ATM010,0.1205,0.0648,0.5696,1.0,1
97,ATM011,0.1205,0.0648,0.1634,0.2197,0
97,ATM012,0.1205,0.0648,0.2993,0.0,0
98,ATM001,0.3781,0.7141,0.5003,1.0,1
98,ATM002,0.3781,0.7141,0.2786,0.4602,0
98,ATM003,0.3781,0.7141,0.0328,0.0,0
98,ATM004,0.3781,0.7141,0.6784,0.2201,0
98,ATM005,0.3781,0.7141,0.4713,1.0,0
98,ATM006,0.3781,0.7141,0.3804,1.0,0
98,ATM007,0.3781,0.7141,0.8322,1.0,0
98,ATM008,0.3781,0.7141,0.3704,0.4752,0
98,ATM009,0.3781,0.7141,0.2,0.0,0
98,ATM010,0.3781,0.7141,0.1857,1.0,0
98,ATM011,0.3781,0.7141,0.4118,0.2197,0
98,ATM012,0.3781,0.7141,0.153,0.0,0
99,ATM001,0.2667,0.4677,0.5003,1.0,0
99,ATM002,0.2667,0.4677,0.2786,0.4602,0
99,ATM003,0.2667,0.4677,0.0328,0.0,0
99,ATM004,0.2667,0.4677,0.6784,0.2201,0
99,ATM005,0.2667,0.4677,0.4713,1.0,0
99,ATM006,0.2667,0.4677,0.3804,1.0,0
99,ATM007,0.2667,0.4677,0.8322,1.0,0
99,ATM008,0.2667,0.4677,0.3704,0.4752,0
99,ATM009,0.2667,0.4677,0.2,0.0,0
99,ATM010,0.2667,0.4677,0.1857,1.0,1
99,ATM011,0.2667,0.4677,0.4118,0.2197,0
99,ATM012,0.2667,0.4677,0.153,0.0,0
100,ATM001,0.5183,0.9967,0.6397,1.0,1
100,ATM002,0.5183,0.9967,0.3232,0.4602,0
100,ATM003,0.5183,0.9967,0.6754,0.0,0
100,ATM004,0.5183,0.9967,0.0208,0.2201,0
100,ATM005,0.5183,0.9967,0.7704,1.0,0
100,ATM006,0.5183,0.9967,0.5226,1.0,0
100,ATM007,0.5183,0.9967,0.7336,1.0,0
100,ATM008,0.5183,0.9967,0.2824,0.4752,0
100,ATM009,0.5183,0.9967,0.1115,0.0,0
100,ATM010,0.5183,0.9967,0.2449,1.0,0
100,ATM011,0.5183,0.9967,0.2302,0.2197,0
100,ATM012,0.5183,0.9967,0.1498,0.0,0
101,ATM001,0.2515,0.4317,0.0445,1.0,0
101,ATM002,0.2515,0.4317,0.5927,0.4602,0
101,ATM003,0.2515,0.4317,0.5069,0.0,0
101,ATM004,0.2515,0.4317,0.6535,0.2201,0
101,ATM005,0.2515,0.4317,0.8299,1.0,1
101,ATM006,0.2515,0.4317,0.8968,1.0,0
101,ATM007,0.2515,0.4317,0.73,1.0,0
101,ATM008,0.2515,0.4317,0.416,0.4752,0
101,ATM009,0.2515,0.4317,0.1062,0.0,0
101,ATM010,0.2515,0.4317,0.4303,1.0,0
101,ATM011,0.2515,0.4317,0.2161,0.2197,0
101,ATM012,0.2515,0.4317,0.2695,0.0,0
102,ATM001,0.1454,0.1496,0.9048,1.0,0
102,ATM002,0.1454,0.1496,0.6989,0.4602,0
102,ATM003,0.1454,0.1496,0.3734,0.0,0
102,ATM004,0.1454,0.1496,0.5135,0.2201,0
102,ATM005,0.1454,0.1496,0.7591,1.0,1
102,ATM006,0.1454,0.1496,0.0169,1.0,0
102,ATM007,0.1454,0.1496,0.5374,1.0,0
102,ATM008,0.1454,0.1496,0.3626,0.4752,0
102,ATM009,0.1454,0.1496,0.0813,0.0,0
102,ATM010,0.1454,0.1496,0.5696,1.0,0
102,ATM011,0.1454,0.1496,0.1634,0.2197,0
102,ATM012,0.1454,0.1496,0.2993,0.0,0
103,ATM001,0.4079,0.7762,0.6397,1.0,0
103,ATM002,0.4079,0.7762,0.3232,0.4602,0
103,ATM003,0.4079,0.7762,0.6754,0.0,0
103,ATM004,0.4079,0.7762,0.0208,0.2201,0
103,ATM005,0.4079,0.7762,0.7704,1.0,0
103,ATM006,0.4079,0.7762,0.5226,1.0,1
103,ATM007,0.4079,0.7762,0.7336,1.0,0
103,ATM008,0.4079,0.7762,0.2824,0.4752,0
103,ATM009,0.4079,0.7762,0.1115,0.0,0
103,ATM010,0.4079,0.7762,0.2449,1.0,0
103,ATM011,0.4079,0.7762,0.2302,0.2197,0
103,ATM012,0.4079,0.7762,0.1498,0.0,0
104,ATM001,0.3781,0.7141,0.0445,1.0,0
104,ATM002,0.3781,0.7141,0.5927,0.4602,0
104,ATM003,0.3781,0.7141,0.5069,0.0,0
104,ATM004,0.3781,0.7141,0.6535,0.2201,0
104,ATM005,0.3781,0.7141,0.8299,1.0,1
104,ATM006,0.3781,0.7141,0.8968,1.0,0
104,ATM007,0.3781,0.7141,0.73,1.0,0
104,ATM008,0.3781,0.7141,0.416,0.4752,0
104,ATM009,0.3781,0.7141,0.1062,0.0,0
104,ATM010,0.3781,0.7141,0.4303,1.0,0
104,ATM011,0.3781,0.7141,0.2161,0.2197,0
104,ATM012,0.3781,0.7141,0.2695,0.0,0
105,ATM001,0.4465,0.855,0.6054,1.0,0
105,ATM002,0.4465,0.855,0.0296,0.4602,0
105,ATM003,0.4465,0.855,0.2712,0.0,1
105,ATM004,0.4465,0.855,0.319,0.2201,0
105,ATM005,0.4465,0.855,0.4439,1.0,0
105,ATM006,0.4465,0.855,0.6973,1.0,0
105,ATM007,0.4465,0.855,0.3976,1.0,0
105,ATM008,0.4465,0.855,0.446,0.4752,0
105,ATM009,0.4465,0.855,0.0813,0.0,0
105,ATM010,0.4465,0.855,0.7441,1.0,0
105,ATM011,0.4465,0.855,0.1531,0.2197,0
105,ATM012,0.4465,0.855,0.5122,0.0,0
106,ATM001,0.2101,0.3296,0.9048,1.0,0
106,ATM002,0.2101,0.3296,0.6989,0.4602,0
106,ATM003,0.2101,0.3296,0.3734,0.2494,0
106,ATM004,0.2101,0.3296,0.5135,0.2201,0
106,ATM005,0.2101,0.3296,0.7591,1.0,1
106,ATM006,0.2101,0.3296,0.0169,1.0,0
106,ATM007,0.2101,0.3296,0.5374,1.0,0
106,ATM008,0.2101,0.3296,0.3626,0.4752,0
106,ATM009,0.2101,0.3296,0.0813,0.0,0
106,ATM010,0.2101,0.3296,0.5696,1.0,0
106,ATM011,0.2101,0.3296,0.1634,0.2197,0
106,ATM012,0.2101,0.3296,0.2993,0.0,0
107,ATM001,0.3375,0.6271,0.5003,1.0,1
107,ATM002,0.3375,0.6271,0.2786,0.4602,0
107,ATM003,0.3375,0.6271,0.0328,0.2494,0
107,ATM004,0.3375,0.6271,0.6784,0.2201,0
107,ATM005,0.3375,0.6271,0.4713,1.0,0
107,ATM006,0.3375,0.6271,0.3804,1.0,0
107,ATM007,0.3375,0.6271,0.8322,1.0,0
107,ATM008,0.3375,0.6271,0.3704,0.4752,0
107,ATM009,0.3375,0.6271,0.2,0.0,0
107,ATM010,0.3375,0.6271,0.1857,1.0,0
107,ATM011,0.3375,0.6271,0.4118,0.2197,0
107,ATM012,0.3375,0.6271,0.153,0.0,0
108,ATM001,0.1253,0.0826,0.9048,1.0,0
108,ATM002,0.1253,0.0826,0.6989,0.4602,0
108,ATM003,0.1253,0.0826,0.3734,0.2494,0
108,ATM004,0.1253,0.0826,0.5135,0.2201,0
108,ATM005,0.1253,0.0826,0.7591,1.0,0
108,ATM006,0.1253,0.0826,0.0169,1.0,0
108,ATM007,0.1253,0.0826,0.5374,1.0,1
108,ATM008,0.1253,0.0826,0.3626,0.4752,0
108,ATM009,0.1253,0.0826,0.0813,0.0,0
108,ATM010,0.1253,0.0826,0.5696,1.0,0
108,ATM011,0.1253,0.0826,0.1634,0.2197,0
108,ATM012,0.1253,0.0826,0.2993,0.0,0
109,ATM001,0.1449,0.1481,0.6054,1.0,0
109,ATM002,0.1449,0.1481,0.0296,0.4602,0
109,ATM003,0.1449,0.1481,0.2712,0.2494,0
109,ATM004,0.1449,0.1481,0.319,0.2201,0
109,ATM005,0.1449,0.1481,0.4439,1.0,0
109,ATM006,0.1449,0.1481,0.6973,1.0,1
109,ATM007,0.1449,0.1481,0.3976,1.0,0
109,ATM008,0.1449,0.1481,0.446,0.4752,0
109,ATM009,0.1449,0.1481,0.0813,0.0,0
109,ATM010,0.1449,0.1481,0.7441,1.0,0
109,ATM011,0.1449,0.1481,0.1531,0.2197,0
109,ATM012,0.1449,0.1481,0.5122,0.0,0
110,ATM001,0.2491,0.426,0.6397,1.0,1
110,ATM002,0.2491,0.426,0.3232,0.4602,0
110,ATM003,0.2491,0.426,0.6754,0.2494,0
110,ATM004,0.2491,0.426,0.0208,0.2201,0
110,ATM005,0.2491,0.426,0.7704,1.0,0
110,ATM006,0.2491,0.426,0.5226,1.0,0
110,ATM007,0.2491,0.426,0.7336,1.0,0
110,ATM008,0.2491,0.426,0.2824,0.4752,0
110,ATM009,0.2491,0.426,0.1115,0.0,0
110,ATM010,0.2491,0.426,0.2449,1.0,0
110,ATM011,0.2491,0.426,0.2302,0.2197,0
110,ATM012,0.2491,0.426,0.1498,0.0,0
111,ATM001,0.5183,0.9967,0.6397,1.0,1
111,ATM002,0.5183,0.9967,0.3232,0.4602,0
111,ATM003,0.5183,0.9967,0.6754,0.2494,0
111,ATM004,0.5183,0.9967,0.0208,0.2201,0
111,ATM005,0.5183,0.9967,0.7704,1.0,0
111,ATM006,0.5183,0.9967,0.5226,1.0,0
111,ATM007,0.5183,0.9967,0.7336,1.0,0
111,ATM008,0.5183,0.9967,0.2824,0.4752,0
111,ATM009,0.5183,0.9967,0.1115,0.0,0
111,ATM010,0.5183,0.9967,0.2449,1.0,0
111,ATM011,0.5183,0.9967,0.2302,0.2197,0
111,ATM012,0.5183,0.9967,0.1498,0.0,0
112,ATM001,0.5183,0.9967,0.0445,1.0,0
112,ATM002,0.5183,0.9967,0.5927,0.4602,0
112,ATM003,0.5183,0.9967,0.5069,0.2494,0
112,ATM004,0.5183,0.9967,0.6535,0.2201,0
112,ATM005,0.5183,0.9967,0.8299,1.0,1
112,ATM006,0.5183,0.9967,0.8968,1.0,0
112,ATM007,0.5183,0.9967,0.73,1.0,0
112,ATM008,0.5183,0.9967,0.416,0.4752,0
112,ATM009,0.5183,0.9967,0.1062,0.0,0
112,ATM010,0.5183,0.9967,0.4303,1.0,0
112,ATM011,0.5183,0.9967,0.2161,0.2197,0
112,ATM012,0.5183,0.9967,0.2695,0.0,0
113,ATM001,0.5183,0.9967,0.6397,1.0,0
113,ATM002,0.5183,0.9967,0.3232,0.4602,0
113,ATM003,0.5183,0.9967,0.6754,0.2494,0
113,ATM004,0.5183,0.9967,0.0208,0.2201,0
113,ATM005,0.5183,0.9967,0.7704,1.0,0
113,ATM006,0.5183,0.9967,0.5226,1.0,0
113,ATM007,0.5183,0.9967,0.7336,1.0,1
113,ATM008,0.5183,0.9967,0.2824,0.4752,0
113,ATM009,0.5183,0.9967,0.1115,0.0,0
113,ATM010,0.5183,0.9967,0.2449,1.0,0
113,ATM011,0.5183,0.9967,0.2302,0.2197,0
113,ATM012,0.5183,0.9967,0.1498,0.0,0
114,ATM001,0.2674,0.4692,0.6397,1.0,0
114,ATM002,0.2674,0.4692,0.3232,0.4602,0
114,ATM003,0.2674,0.4692,0.6754,0.2494,0
114,ATM004,0.2674,0.4692,0.0208,0.2201,0
114,ATM005,0.2674,0.4692,0.7704,1.0,1
114,ATM006,0.2674,0.4692,0.5226,1.0,0
114,ATM007,0.2674,0.4692,0.7336,1.0,0
114,ATM008,0.2674,0.4692,0.2824,0.4752,0
114,ATM009,0.2674,0.4692,0.1115,0.0,0
114,ATM010,0.2674,0.4692,0.2449,1.0,0
114,ATM011,0.2674,0.4692,0.2302,0.2197,0
114,ATM012,0.2674,0.4692,0.1498,0.0,0
115,ATM001,0.3748,0.707,0.9048,1.0,1
115,ATM002,0.3748,0.707,0.6989,0.4602,0
115,ATM003,0.3748,0.707,0.3734,0.2494,0
115,ATM004,0.3748,0.707,0.5135,0.2201,0
115,ATM005,0.3748,0.707,0.7591,1.0,0
115,ATM006,0.3748,0.707,0.0169,1.0,0
115,ATM007,0.3748,0.707,0.5374,1.0,0
115,ATM008,0.3748,0.707,0.3626,0.4752,0
115,ATM009,0.3748,0.707,0.0813,0.0,0
115,ATM010,0.3748,0.707,0.5696,1.0,0
115,ATM011,0.3748,0.707,0.1634,0.2197,0
115,ATM012,0.3748,0.707,0.2993,0.0,0
116,ATM001,0.2445,0.4148,0.6054,1.0,1
116,ATM002,0.2445,0.4148,0.0296,0.4602,0
116,ATM003,0.2445,0.4148,0.2712,0.2494,0
116,ATM004,0.2445,0.4148,0.319,0.2201,0
116,ATM005,0.2445,0.4148,0.4439,1.0,0
116,ATM006,0.2445,0.4148,0.6973,1.0,0
116,ATM007,0.2445,0.4148,0.3976,1.0,0
116,ATM008,0.2445,0.4148,0.446,0.4752,0
116,ATM009,0.2445,0.4148,0.0813,0.0,0
116,ATM010,0.2445,0.4148,0.7441,1.0,0
116,ATM011,0.2445,0.4148,0.1531,0.2197,0
116,ATM012,0.2445,0.4148,0.5122,0.0,0
117,ATM001,0.3365,0.625,0.5003,1.0,1
117,ATM002,0.3365,0.625,0.2786,0.4602,0
117,ATM003,0.3365,0.625,0.0328,0.2494,0
117,ATM004,0.3365,0.625,0.6784,0.2201,0
117,ATM005,0.3365,0.625,0.4713,1.0,0
117,ATM006,0.3365,0.625,0.3804,1.0,0
117,ATM007,0.3365,0.625,0.8322,1.0,0
117,ATM008,0.3365,0.625,0.3704,0.4752,0
117,ATM009,0.3365,0.625,0.2,0.0,0
117,ATM010,0.3365,0.625,0.1857,1.0,0
117,ATM011,0.3365,0.625,0.4118,0.2197,0
117,ATM012,0.3365,0.625,0.153,0.0,0
118,ATM001,0.47,0.9018,0.6397,1.0,0
118,ATM002,0.47,0.9018,0.3232,0.4602,0
118,ATM003,0.47,0.9018,0.6754,0.2494,0
118,ATM004,0.47,0.9018,0.0208,0.2201,0
118,ATM005,0.47,0.9018,0.7704,1.0,1
118,ATM006,0.47,0.9018,0.5226,1.0,0
118,ATM007,0.47,0.9018,0.7336,1.0,0
118,ATM008,0.47,0.9018,0.2824,0.4752,0
118,ATM009,0.47,0.9018,0.1115,0.0,0
118,ATM010,0.47,0.9018,0.2449,1.0,0
118,ATM011,0.47,0.9018,0.2302,0.2197,0
118,ATM012,0.47,0.9018,0.1498,0.0,0
119,ATM001,0.208,0.3241,0.0445,1.0,0
119,ATM002,0.208,0.3241,0.5927,0.4602,0
119,ATM003,0.208,0.3241,0.5069,0.2494,0
119,ATM004,0.208,0.3241,0.6535,0.2201,0
119,ATM005,0.208,0.3241,0.8299,1.0,0
119,ATM006,0.208,0.3241,0.8968,1.0,0
119,ATM007,0.208,0.3241,0.73,1.0,0
119,ATM008,0.208,0.3241,0.416,0.4752,0
119,ATM009,0.208,0.3241,0.1062,0.0,0
119,ATM010,0.208,0.3241,0.4303,1.0,1
119,ATM011,0.208,0.3241,0.2161,0.2197,0
119,ATM012,0.208,0.3241,0.2695,0.0,0
120,ATM001,0.2219,0.3594,0.6397,1.0,0
120,ATM002,0.2219,0.3594,0.3232,0.4602,0
120,ATM003,0.2219,0.3594,0.6754,0.2494,0
120,ATM004,0.2219,0.3594,0.0208,0.2201,0
120,ATM005,0.2219,0.3594,0.7704,1.0,1
120,ATM006,0.2219,0.3594,0.5226,1.0,0
120,ATM007,0.2219,0.3594,0.7336,1.0,0
120,ATM008,0.2219,0.3594,0.2824,0.4752,0
120,ATM009,0.2219,0.3594,0.1115,0.0,0
120,ATM010,0.2219,0.3594,0.2449,1.0,0
120,ATM011,0.2219,0.3594,0.2302,0.2197,0
120,ATM012,0.2219,0.3594,0.1498,0.0,0
121,ATM001,0.5183,0.9967,0.6397,1.0,1
121,ATM002,0.5183,0.9967,0.3232,0.4602,0
121,ATM003,0.5183,0.9967,0.6754,0.2494,0
121,ATM004,0.5183,0.9967,0.0208,0.2201,0
121,ATM005,0.5183,0.9967,0.7704,1.0,0
121,ATM006,0.5183,0.9967,0.5226,1.0,0
121,ATM007,0.5183,0.9967,0.7336,1.0,0
121,ATM008,0.5183,0.9967,0.2824,0.4752,0
121,ATM009,0.5183,0.9967,0.1115,0.0,0
121,ATM010,0.5183,0.9967,0.2449,1.0,0
121,ATM011,0.5183,0.9967,0.2302,0.2197,0
121,ATM012,0.5183,0.9967,0.1498,0.0,0
122,ATM001,0.5183,0.9967,0.5003,1.0,0
122,ATM002,0.5183,0.9967,0.2786,0.4602,0
122,ATM003,0.5183,0.9967,0.0328,0.2494,0
122,ATM004,0.5183,0.9967,0.6784,0.2201,0
122,ATM005,0.5183,0.9967,0.4713,1.0,1
122,ATM006,0.5183,0.9967,0.3804,1.0,0
122,ATM007,0.5183,0.9967,0.8322,1.0,0
122,ATM008,0.5183,0.9967,0.3704,0.4752,0
122,ATM009,0.5183,0.9967,0.2,0.0,0
122,ATM010,0.5183,0.9967,0.1857,1.0,0
122,ATM011,0.5183,0.9967,0.4118,0.2197,0
122,ATM012,0.5183,0.9967,0.153,0.0,0
123,ATM001,0.2268,0.3716,0.5003,1.0,0
123,ATM002,0.2268,0.3716,0.2786,0.4602,0
123,ATM003,0.2268,0.3716,0.0328,0.2494,0
123,ATM004,0.2268,0.3716,0.6784,0.2201,0
123,ATM005,0.2268,0.3716,0.4713,1.0,0
123,ATM006,0.2268,0.3716,0.3804,1.0,0
123,ATM007,0.2268,0.3716,0.8322,1.0,0
123,ATM008,0.2268,0.3716,0.3704,0.4752,0
123,ATM009,0.2268,0.3716,0.2,0.0,0
123,ATM010,0.2268,0.3716,0.1857,1.0,1
123,ATM011,0.2268,0.3716,0.4118,0.2197,0
123,ATM012,0.2268,0.3716,0.153,0.0,0
124,ATM001,0.3885,0.7359,0.0445,1.0,0
124,ATM002,0.3885,0.7359,0.5927,0.4602,0
124,ATM003,0.3885,0.7359,0.5069,0.2494,0
124,ATM004,0.3885,0.7359,0.6535,0.2201,0
124,ATM005,0.3885,0.7359,0.8299,1.0,1
124,ATM006,0.3885,0.7359,0.8968,1.0,0
124,ATM007,0.3885,0.7359,0.73,1.0,0
124,ATM008,0.3885,0.7359,0.416,0.4752,0
124,ATM009,0.3885,0.7359,0.1062,0.0,0
124,ATM010,0.3885,0.7359,0.4303,1.0,0
124,ATM011,0.3885,0.7359,0.2161,0.2197,0
124,ATM012,0.3885,0.7359,0.2695,0.0,0
125,ATM001,0.3463,0.6462,0.0445,1.0,1
125,ATM002,0.3463,0.6462,0.5927,0.4602,0
125,ATM003,0.3463,0.6462,0.5069,0.2494,0
125,ATM004,0.3463,0.6462,0.6535,0.2201,0
125,ATM005,0.3463,0.6462,0.8299,1.0,0
125,ATM006,0.3463,0.6462,0.8968,1.0,0
125,ATM007,0.3463,0.6462,0.73,1.0,0
125,ATM008,0.3463,0.6462,0.416,0.4752,0
125,ATM009,0.3463,0.6462,0.1062,0.0,0
125,ATM010,0.3463,0.6462,0.4303,1.0,0
125,ATM011,0.3463,0.6462,0.2161,0.2197,0
125,ATM012,0.3463,0.6462,0.2695,0.0,0
126,ATM001,0.2168,0.3465,0.6054,1.0,0
126,ATM002,0.2168,0.3465,0.0296,0.4602,0
126,ATM003,0.2168,0.3465,0.2712,0.2494,0
126,ATM004,0.2168,0.3465,0.319,0.2201,0
126,ATM005,0.2168,0.3465,0.4439,1.0,0
126,ATM006,0.2168,0.3465,0.6973,1.0,0
126,ATM007,0.2168,0.3465,0.3976,1.0,0
126,ATM008,0.2168,0.3465,0.446,0.4752,0
126,ATM009,0.2168,0.3465,0.0813,0.0,0
126,ATM010,0.2168,0.3465,0.7441,1.0,1
126,ATM011,0.2168,0.3465,0.1531,0.2197,0
126,ATM012,0.2168,0.3465,0.5122,0.0,0
127,ATM001,0.2304,0.3803,0.6397,1.0,0
127,ATM002,0.2304,0.3803,0.3232,0.4602,0
127,ATM003,0.2304,0.3803,0.6754,0.2494,1
127,ATM004,0.2304,0.3803,0.0208,0.2201,0
127,ATM005,0.2304,0.3803,0.7704,1.0,0
127,ATM006,0.2304,0.3803,0.5226,1.0,0
127,ATM007,0.2304,0.3803,0.7336,1.0,0
127,ATM008,0.2304,0.3803,0.2824,0.4752,0
127,ATM009,0.2304,0.3803,0.1115,0.0,0
127,ATM010,0.2304,0.3803,0.2449,1.0,0
127,ATM011,0.2304,0.3803,0.2302,0.2197,0
127,ATM012,0.2304,0.3803,0.1498,0.0,0
128,ATM001,0.3463,0.6462,0.9048,1.0,0
128,ATM002,0.3463,0.6462,0.6989,0.4602,0
128,ATM003,0.3463,0.6462,0.3734,0.5071,1
128,ATM004,0.3463,0.6462,0.5135,0.2201,0
128,ATM005,0.3463,0.6462,0.7591,1.0,0
128,ATM006,0.3463,0.6462,0.0169,1.0,0
128,ATM007,0.3463,0.6462,0.5374,1.0,0
128,ATM008,0.3463,0.6462,0.3626,0.4752,0
128,ATM009,0.3463,0.6462,0.0813,0.0,0
128,ATM010,0.3463,0.6462,0.5696,1.0,0
128,ATM011,0.3463,0.6462,0.1634,0.2197,0
128,ATM012,0.3463,0.6462,0.2993,0.0,0
129,ATM001,0.3337,0.6188,0.0445,1.0,0
129,ATM002,0.3337,0.6188,0.5927,0.4602,0
129,ATM003,0.3337,0.6188,0.5069,0.7651,0
129,ATM004,0.3337,0.6188,0.6535,0.2201,0
129,ATM005,0.3337,0.6188,0.8299,1.0,0
129,ATM006,0.3337,0.6188,0.8968,1.0,0
129,ATM007,0.3337,0.6188,0.73,1.0,1
129,ATM008,0.3337,0.6188,0.416,0.4752,0
129,ATM009,0.3337,0.6188,0.1062,0.0,0
129,ATM010,0.3337,0.6188,0.4303,1.0,0
129,ATM011,0.3337,0.6188,0.2161,0.2197,0
129,ATM012,0.3337,0.6188,0.2695,0.0,0
130,ATM001,0.2047,0.3156,0.6054,1.0,0
130,ATM002,0.2047,0.3156,0.0296,0.4602,0
130,ATM003,0.2047,0.3156,0.2712,0.7651,0
130,ATM004,0.2047,0.3156,0.319,0.2201,0
130,ATM005,0.2047,0.3156,0.4439,1.0,0
130,ATM006,0.2047,0.3156,0.6973,1.0,0
130,ATM007,0.2047,0.3156,0.3976,1.0,0
130,ATM008,0.2047,0.3156,0.446,0.4752,0
130,ATM009,0.2047,0.3156,0.0813,0.0,0
130,ATM010,0.2047,0.3156,0.7441,1.0,1
130,ATM011,0.2047,0.3156,0.1531,0.2197,0
130,ATM012,0.2047,0.3156,0.5122,0.0,0
131,ATM001,0.1421,0.139,0.0445,1.0,0
131,ATM002,0.1421,0.139,0.5927,0.4602,0
131,ATM003,0.1421,0.139,0.5069,0.7651,0
131,ATM004,0.1421,0.139,0.6535,0.2201,0
131,ATM005,0.1421,0.139,0.8299,1.0,1
131,ATM006,0.1421,0.139,0.8968,1.0,0
131,ATM007,0.1421,0.139,0.73,1.0,0
131,ATM008,0.1421,0.139,0.416,0.4752,0
131,ATM009,0.1421,0.139,0.1062,0.0,0
131,ATM010,0.1421,0.139,0.4303,1.0,0
131,ATM011,0.1421,0.139,0.2161,0.2197,0
131,ATM012,0.1421,0.139,0.2695,0.0,0
132,ATM001,0.3873,0.7334,0.5003,1.0,0
132,ATM002,0.3873,0.7334,0.2786,0.4602,0
132,ATM003,0.3873,0.7334,0.0328,0.7651,0
132,ATM004,0.3873,0.7334,0.6784,0.2201,0
132,ATM005,0.3873,0.7334,0.4713,1.0,0
132,ATM006,0.3873,0.7334,0.3804,1.0,0
132,ATM007,0.3873,0.7334,0.8322,1.0,0
132,ATM008,0.3873,0.7334,0.3704,0.4752,0
132,ATM009,0.3873,0.7334,0.2,0.0,0
132,ATM010,0.3873,0.7334,0.1857,1.0,1
132,ATM011,0.3873,0.7334,0.4118,0.2197,0
132,ATM012,0.3873,0.7334,0.153,0.0,0
133,ATM001,0.245,0.4162,0.5003,1.0,0
133,ATM002,0.245,0.4162,0.2786,0.4602,0
133,ATM003,0.245,0.4162,0.0328,0.7651,0
133,ATM004,0.245,0.4162,0.6784,0.2201,1
133,ATM005,0.245,0.4162,0.4713,1.0,0
133,ATM006,0.245,0.4162,0.3804,1.0,0
133,ATM007,0.245,0.4162,0.8322,1.0,0
133,ATM008,0.245,0.4162,0.3704,0.4752,0
133,ATM009,0.245,0.4162,0.2,0.0,0
133,ATM010,0.245,0.4162,0.1857,1.0,0
133,ATM011,0.245,0.4162,0.4118,0.2197,0
133,ATM012,0.245,0.4162,0.153,0.0,0
134,ATM001,0.2278,0.3741,0.5003,1.0,0
134,ATM002,0.2278,0.3741,0.2786,0.4602,0
134,ATM003,0.2278,0.3741,0.0328,0.7651,0
134,ATM004,0.2278,0.3741,0.6784,0.4801,0
134,ATM005,0.2278,0.3741,0.4713,1.0,0
134,ATM006,0.2278,0.3741,0.3804,1.0,0
134,ATM007,0.2278,0.3741,0.8322,1.0,0
134,ATM008,0.2278,0.3741,0.3704,0.4752,0
134,ATM009,0.2278,0.3741,0.2,0.0,0
134,ATM010,0.2278,0.3741,0.1857,1.0,1
134,ATM011,0.2278,0.3741,0.4118,0.2197,0
134,ATM012,0.2278,0.3741,0.153,0.0,0
135,ATM001,0.3885,0.7359,0.6054,1.0,0
135,ATM002,0.3885,0.7359,0.0296,0.4602,0
135,ATM003,0.3885,0.7359,0.2712,0.7651,0
135,ATM004,0.3885,0.7359,0.319,0.4801,0
135,ATM005,0.3885,0.7359,0.4439,1.0,0
135,ATM006,0.3885,0.7359,0.6973,1.0,0
135,ATM007,0.3885,0.7359,0.3976,1.0,0
135,ATM008,0.3885,0.7359,0.446,0.4752,0
135,ATM009,0.3885,0.7359,0.0813,0.0,0
135,ATM010,0.3885,0.7359,0.7441,1.0,1
135,ATM011,0.3885,0.7359,0.1531,0.2197,0
135,ATM012,0.3885,0.7359,0.5122,0.0,0
136,ATM001,0.5183,0.9967,0.5003,1.0,0
136,ATM002,0.5183,0.9967,0.2786,0.4602,0
136,ATM003,0.5183,0.9967,0.0328,0.7651,0
136,ATM004,0.5183,0.9967,0.6784,0.4801,0
136,ATM005,0.5183,0.9967,0.4713,1.0,0
136,ATM006,0.5183,0.9967,0.3804,1.0,0
136,ATM007,0.5183,0.9967,0.8322,1.0,0
136,ATM008,0.5183,0.9967,0.3704,0.4752,0
136,ATM009,0.5183,0.9967,0.2,0.0,0
136,ATM010,0.5183,0.9967,0.1857,1.0,0
136,ATM011,0.5183,0.9967,0.4118,0.2197,0
136,ATM012,0.5183,0.9967,0.153,0.0,1
137,ATM001,0.2132,0.3373,0.9048,1.0,0
137,ATM002,0.2132,0.3373,0.6989,0.4602,0
137,ATM003,0.2132,0.3373,0.3734,0.7651,0
137,ATM004,0.2132,0.3373,0.5135,0.4801,0
137,ATM005,0.2132,0.3373,0.7591,1.0,0
137,ATM006,0.2132,0.3373,0.0169,1.0,0
137,ATM007,0.2132,0.3373,0.5374,1.0,0
137,ATM008,0.2132,0.3373,0.3626,0.4752,0
137,ATM009,0.2132,0.3373,0.0813,0.0,0
137,ATM010,0.2132,0.3373,0.5696,1.0,1
137,ATM011,0.2132,0.3373,0.1634,0.2197,0
137,ATM012,0.2132,0.3373,0.2993,0.2612,0
138,ATM001,0.1126,0.032,0.9048,1.0,0
138,ATM002,0.1126,0.032,0.6989,0.4602,0
138,ATM003,0.1126,0.032,0.3734,0.7651,0
138,ATM004,0.1126,0.032,0.5135,0.4801,0
138,ATM005,0.1126,0.032,0.7591,1.0,1
138,ATM006,0.1126,0.032,0.0169,1.0,0
138,ATM007,0.1126,0.032,0.5374,1.0,0
138,ATM008,0.1126,0.032,0.3626,0.4752,0
138,ATM009,0.1126,0.032,0.0813,0.0,0
138,ATM010,0.1126,0.032,0.5696,1.0,0
138,ATM011,0.1126,0.032,0.1634,0.2197,0
138,ATM012,0.1126,0.032,0.2993,0.2612,0
139,ATM001,0.132,0.1061,0.6054,1.0,1
139,ATM002,0.132,0.1061,0.0296,0.4602,0
139,ATM003,0.132,0.1061,0.2712,0.7651,0
139,ATM004,0.132,0.1061,0.319,0.4801,0
139,ATM005,0.132,0.1061,0.4439,1.0,0
139,ATM006,0.132,0.1061,0.6973,1.0,0
139,ATM007,0.132,0.1061,0.3976,1.0,0
139,ATM008,0.132,0.1061,0.446,0.4752,0
139,ATM009,0.132,0.1061,0.0813,0.0,0
139,ATM010,0.132,0.1061,0.7441,1.0,0
139,ATM011,0.132,0.1061,0.1531,0.2197,0
139,ATM012,0.132,0.1061,0.5122,0.2612,0
140,ATM001,0.5183,0.9967,0.0445,1.0,0
140,ATM002,0.5183,0.9967,0.5927,0.4602,0
140,ATM003,0.5183,0.9967,0.5069,0.7651,0
140,ATM004,0.5183,0.9967,0.6535,0.4801,0
140,ATM005,0.5183,0.9967,0.8299,1.0,1
140,ATM006,0.5183,0.9967,0.8968,1.0,0
140,ATM007,0.5183,0.9967,0.73,1.0,0
140,ATM008,0.5183,0.9967,0.416,0.4752,0
140,ATM009,0.5183,0.9967,0.1062,0.0,0
140,ATM010,0.5183,0.9967,0.4303,1.0,0
140,ATM011,0.5183,0.9967,0.2161,0.2197,0
140,ATM012,0.5183,0.9967,0.2695,0.2612,0
141,ATM001,0.2367,0.3959,0.6397,1.0,0
141,ATM002,0.2367,0.3959,0.3232,0.4602,0
141,ATM003,0.2367,0.3959,0.6754,0.7651,0
141,ATM004,0.2367,0.3959,0.0208,0.4801,0
141,ATM005,0.2367,0.3959,0.7704,1.0,0
141,ATM006,0.2367,0.3959,0.5226,1.0,0
141,ATM007,0.2367,0.3959,0.7336,1.0,0
141,ATM008,0.2367,0.3959,0.2824,0.4752,0
141,ATM009,0.2367,0.3959,0.1115,0.0,0
141,ATM010,0.2367,0.3959,0.2449,1.0,1
141,ATM011,0.2367,0.3959,0.2302,0.2197,0
141,ATM012,0.2367,0.3959,0.1498,0.2612,0
142,ATM001,0.3394,0.6313,0.6397,1.0,0
142,ATM002,0.3394,0.6313,0.3232,0.4602,0
142,ATM003,0.3394,0.6313,0.6754,0.7651,0
142,ATM004,0.3394,0.6313,0.0208,0.4801,0
142,ATM005,0.3394,0.6313,0.7704,1.0,1
142,ATM006,0.3394,0.6313,0.5226,1.0,0
142,ATM007,0.3394,0.6313,0.7336,1.0,0
142,ATM008,0.3394,0.6313,0.2824,0.4752,0
142,ATM009,0.3394,0.6313,0.1115,0.0,0
142,ATM010,0.3394,0.6313,0.2449,1.0,0
142,ATM011,0.3394,0.6313,0.2302,0.2197,0
142,ATM012,0.3394,0.6313,0.1498,0.2612,0
143,ATM001,0.3838,0.7261,0.0445,1.0,0
143,ATM002,0.3838,0.7261,0.5927,0.4602,0
143,ATM003,0.3838,0.7261,0.5069,0.7651,0
143,ATM004,0.3838,0.7261,0.6535,0.4801,0
143,ATM005,0.3838,0.7261,0.8299,1.0,1
143,ATM006,0.3838,0.7261,0.8968,1.0,0
143,ATM007,0.3838,0.7261,0.73,1.0,0
143,ATM008,0.3838,0.7261,0.416,0.4752,0
143,ATM009,0.3838,0.7261,0.1062,0.0,0
143,ATM010,0.3838,0.7261,0.4303,1.0,0
143,ATM011,0.3838,0.7261,0.2161,0.2197,0
143,ATM012,0.3838,0.7261,0.2695,0.2612,0
144,ATM001,0.3565,0.6681,0.0445,1.0,0
144,ATM002,0.3565,0.6681,0.5927,0.4602,0
144,ATM003,0.3565,0.6681,0.5069,0.7651,0
144,ATM004,0.3565,0.6681,0.6535,0.4801,0
144,ATM005,0.3565,0.6681,0.8299,1.0,1
144,ATM006,0.3565,0.6681,0.8968,1.0,0
144,ATM007,0.3565,0.6681,0.73,1.0,0
144,ATM008,0.3565,0.6681,0.416,0.4752,0
144,ATM009,0.3565,0.6681,0.1062,0.0,0
144,ATM010,0.3565,0.6681,0.4303,1.0,0
144,ATM011,0.3565,0.6681,0.2161,0.2197,0
144,ATM012,0.3565,0.6681,0.2695,0.2612,0
145,ATM001,0.3596,0.6748,0.6397,1.0,0
145,ATM002,0.3596,0.6748,0.3232,0.4602,0
145,ATM003,0.3596,0.6748,0.6754,0.7651,0
145,ATM004,0.3596,0.6748,0.0208,0.4801,0
145,ATM005,0.3596,0.6748,0.7704,1.0,0
145,ATM006,0.3596,0.6748,0.5226,1.0,0
145,ATM007,0.3596,0.6748,0.7336,1.0,0
145,ATM008,0.3596,0.6748,0.2824,0.4752,0
145,ATM009,0.3596,0.6748,0.1115,0.0,0
145,ATM010,0.3596,0.6748,0.2449,1.0,1
145,ATM011,0.3596,0.6748,0.2302,0.2197,0
145,ATM012,0.3596,0.6748,0.1498,0.2612,0
146,ATM001,0.4313,0.8242,0.6397,1.0,0
146,ATM002,0.4313,0.8242,0.3232,0.4602,0
146,ATM003,0.4313,0.8242,0.6754,0.7651,0
146,ATM004,0.4313,0.8242,0.0208,0.4801,0
146,ATM005,0.4313,0.8242,0.7704,1.0,0
146,ATM006,0.4313,0.8242,0.5226,1.0,0
146,ATM007,0.4313,0.8242,0.7336,1.0,0
146,ATM008,0.4313,0.8242,0.2824,0.4752,0
146,ATM009,0.4313,0.8242,0.1115,0.0,0
146,ATM010,0.4313,0.8242,0.2449,1.0,0
146,ATM011,0.4313,0.8242,0.2302,0.2197,1
146,ATM012,0.4313,0.8242,0.1498,0.2612,0
147,ATM001,0.5183,0.9967,0.9048,1.0,0
147,ATM002,0.5183,0.9967,0.6989,0.4602,1
147,ATM003,0.5183,0.9967,0.3734,0.7651,0
147,ATM004,0.5183,0.9967,0.5135,0.4801,0
147,ATM005,0.5183,0.9967,0.7591,1.0,0
147,ATM006,0.5183,0.9967,0.0169,1.0,0
147,ATM007,0.5183,0.9967,0.5374,1.0,0
147,ATM008,0.5183,0.9967,0.3626,0.4752,0
147,ATM009,0.5183,0.9967,0.0813,0.0,0
147,ATM010,0.5183,0.9967,0.5696,1.0,0
147,ATM011,0.5183,0.9967,0.1634,0.4848,0
147,ATM012,0.5183,0.9967,0.2993,0.2612,0
148,ATM001,0.2163,0.3453,0.0445,1.0,0
148,ATM002,0.2163,0.3453,0.5927,0.7257,0
148,ATM003,0.2163,0.3453,0.5069,0.7651,0
148,ATM004,0.2163,0.3453,0.6535,0.4801,0
148,ATM005,0.2163,0.3453,0.8299,1.0,1
148,ATM006,0.2163,0.3453,0.8968,1.0,0
148,ATM007,0.2163,0.3453,0.73,1.0,0
148,ATM008,0.2163,0.3453,0.416,0.4752,0
148,ATM009,0.2163,0.3453,0.1062,0.0,0
148,ATM010,0.2163,0.3453,0.4303,1.0,0
148,ATM011,0.2163,0.3453,0.2161,0.4848,0
148,ATM012,0.2163,0.3453,0.2695,0.2612,0
149,ATM001,0.5183,0.9967,0.9048,1.0,1
149,ATM002,0.5183,0.9967,0.6989,0.7257,0
149,ATM003,0.5183,0.9967,0.3734,0.7651,0
149,ATM004,0.5183,0.9967,0.5135,0.4801,0
149,ATM005,0.5183,0.9967,0.7591,1.0,0
149,ATM006,0.5183,0.9967,0.0169,1.0,0
149,ATM007,0.5183,0.9967,0.5374,1.0,0
149,ATM008,0.5183,0.9967,0.3626,0.4752,0
149,ATM009,0.5183,0.9967,0.0813,0.0,0
149,ATM010,0.5183,0.9967,0.5696,1.0,0
149,ATM011,0.5183,0.9967,0.1634,0.4848,0
149,ATM012,0.5183,0.9967,0.2993,0.2612,0
150,ATM001,0.3244,0.5985,0.6054,1.0,0
150,ATM002,0.3244,0.5985,0.0296,0.7257,0
150,ATM003,0.3244,0.5985,0.2712,0.7651,0
150,ATM004,0.3244,0.5985,0.319,0.4801,0
150,ATM005,0.3244,0.5985,0.4439,1.0,0
150,ATM006,0.3244,0.5985,0.6973,1.0,0
150,ATM007,0.3244,0.5985,0.3976,1.0,0
150,ATM008,0.3244,0.5985,0.446,0.4752,0
150,ATM009,0.3244,0.5985,0.0813,0.0,0
150,ATM010,0.3244,0.5985,0.7441,1.0,1
150,ATM011,0.3244,0.5985,0.1531,0.4848,0
150,ATM012,0.3244,0.5985,0.5122,0.2612,0
151,ATM001,0.3087,0.5636,0.9048,1.0,0
151,ATM002,0.3087,0.5636,0.6989,0.7257,0
151,ATM003,0.3087,0.5636,0.3734,0.7651,0
151,ATM004,0.3087,0.5636,0.5135,0.4801,0
151,ATM005,0.3087,0.5636,0.7591,1.0,1
151,ATM006,0.3087,0.5636,0.0169,1.0,0
151,ATM007,0.3087,0.5636,0.5374,1.0,0
151,ATM008,0.3087,0.5636,0.3626,0.4752,0
151,ATM009,0.3087,0.5636,0.0813,0.0,0
151,ATM010,0.3087,0.5636,0.5696,1.0,0
151,ATM011,0.3087,0.5636,0.1634,0.4848,0
151,ATM012,0.3087,0.5636,0.2993,0.2612,0
152,ATM001,0.1173,0.0523,0.5003,1.0,1
152,ATM002,0.1173,0.0523,0.2786,0.7257,0
152,ATM003,0.1173,0.0523,0.0328,0.7651,0
152,ATM004,0.1173,0.0523,0.6784,0.4801,0
152,ATM005,0.1173,0.0523,0.4713,1.0,0
152,ATM006,0.1173,0.0523,0.3804,1.0,0
152,ATM007,0.1173,0.0523,0.8322,1.0,0
152,ATM008,0.1173,0.0523,0.3704,0.4752,0
152,ATM009,0.1173,0.0523,0.2,0.0,0
152,ATM010,0.1173,0.0523,0.1857,1.0,0
152,ATM011,0.1173,0.0523,0.4118,0.4848,0
152,ATM012,0.1173,0.0523,0.153,0.2612,0
153,ATM001,0.5183,0.9967,0.0445,1.0,0
153,ATM002,0.5183,0.9967,0.5927,0.7257,0
153,ATM003,0.5183,0.9967,0.5069,0.7651,0
153,ATM004,0.5183,0.9967,0.6535,0.4801,0
153,ATM005,0.5183,0.9967,0.8299,1.0,1
153,ATM006,0.5183,0.9967,0.8968,1.0,0
153,ATM007,0.5183,0.9967,0.73,1.0,0
153,ATM008,0.5183,0.9967,0.416,0.4752,0
153,ATM009,0.5183,0.9967,0.1062,0.0,0
153,ATM010,0.5183,0.9967,0.4303,1.0,0
153,ATM011,0.5183,0.9967,0.2161,0.4848,0
153,ATM012,0.5183,0.9967,0.2695,0.2612,0
154,ATM001,0.3534,0.6614,0.0445,1.0,0
154,ATM002,0.3534,0.6614,0.5927,0.7257,0
154,ATM003,0.3534,0.6614,0.5069,0.7651,0
154,ATM004,0.3534,0.6614,0.6535,0.4801,0
154,ATM005,0.3534,0.6614,0.8299,1.0,0
154,ATM006,0.3534,0.6614,0.8968,1.0,0
154,ATM007,0.3534,0.6614,0.73,1.0,0
154,ATM008,0.3534,0.6614,0.416,0.4752,1
154,ATM009,0.3534,0.6614,0.1062,0.0,0
154,ATM010,0.3534,0.6614,0.4303,1.0,0
154,ATM011,0.3534,0.6614,0.2161,0.4848,0
154,ATM012,0.3534,0.6614,0.2695,0.2612,0
155,ATM001,0.3104,0.5674,0.6054,1.0,0
155,ATM002,0.3104,0.5674,0.0296,0.7257,0
155,ATM003,0.3104,0.5674,0.2712,0.7651,0
155,ATM004,0.3104,0.5674,0.319,0.4801,1
155,ATM005,0.3104,0.5674,0.4439,1.0,0
155,ATM006,0.3104,0.5674,0.6973,1.0,0
155,ATM007,0.3104,0.5674,0.3976,1.0,0
155,ATM008,0.3104,0.5674,0.446,0.7434,0
155,ATM009,0.3104,0.5674,0.0813,0.0,0
155,ATM010,0.3104,0.5674,0.7441,1.0,0
155,ATM011,0.3104,0.5674,0.1531,0.4848,0
155,ATM012,0.3104,0.5674,0.5122,0.2612,0
156,ATM001,0.5183,0.9967,0.9048,1.0,0
156,ATM002,0.5183,0.9967,0.6989,0.7257,0
156,ATM003,0.5183,0.9967,0.3734,0.7651,0
156,ATM004,0.5183,0.9967,0.5135,0.7487,0
156,ATM005,0.5183,0.9967,0.7591,1.0,0
156,ATM006,0.5183,0.9967,0.0169,1.0,0
156,ATM007,0.5183,0.9967,0.5374,1.0,0
156,ATM008,0.5183,0.9967,0.3626,0.7434,1
156,ATM009,0.5183,0.9967,0.0813,0.0,0
156,ATM010,0.5183,0.9967,0.5696,1.0,0
156,ATM011,0.5183,0.9967,0.1634,0.4848,0
156,ATM012,0.5183,0.9967,0.2993,0.2612,0
157,ATM001,0.2784,0.4949,0.5003,1.0,0
157,ATM002,0.2784,0.4949,0.2786,0.7257,0
157,ATM003,0.2784,0.4949,0.0328,0.7651,0
157,ATM004,0.2784,0.4949,0.6784,0.7487,0
157,ATM005,0.2784,0.4949,0.4713,1.0,1
157,ATM006,0.2784,0.4949,0.3804,1.0,0
157,ATM007,0.2784,0.4949,0.8322,1.0,0
157,ATM008,0.2784,0.4949,0.3704,1.0,0
157,ATM009,0.2784,0.4949,0.2,0.0,0
157,ATM010,0.2784,0.4949,0.1857,1.0,0
157,ATM011,0.2784,0.4949,0.4118,0.4848,0
157,ATM012,0.2784,0.4949,0.153,0.2612,0
158,ATM001,0.3944,0.7483,0.6054,1.0,0
158,ATM002,0.3944,0.7483,0.0296,0.7257,0
158,ATM003,0.3944,0.7483,0.2712,0.7651,0
158,ATM004,0.3944,0.7483,0.319,0.7487,0
158,ATM005,0.3944,0.7483,0.4439,1.0,1
158,ATM006,0.3944,0.7483,0.6973,1.0,0
158,ATM007,0.3944,0.7483,0.3976,1.0,0
158,ATM008,0.3944,0.7483,0.446,1.0,0
158,ATM009,0.3944,0.7483,0.0813,0.0,0
158,ATM010,0.3944,0.7483,0.7441,1.0,0
158,ATM011,0.3944,0.7483,0.1531,0.4848,0
158,ATM012,0.3944,0.7483,0.5122,0.2612,0
159,ATM001,0.234,0.3893,0.9048,1.0,1
159,ATM002,0.234,0.3893,0.6989,0.7257,0
159,ATM003,0.234,0.3893,0.3734,0.7651,0
159,ATM004,0.234,0.3893,0.5135,0.7487,0
159,ATM005,0.234,0.3893,0.7591,1.0,0
159,ATM006,0.234,0.3893,0.0169,1.0,0
159,ATM007,0.234,0.3893,0.5374,1.0,0
159,ATM008,0.234,0.3893,0.3626,1.0,0
159,ATM009,0.234,0.3893,0.0813,0.0,0
159,ATM010,0.234,0.3893,0.5696,1.0,0
159,ATM011,0.234,0.3893,0.1634,0.4848,0
159,ATM012,0.234,0.3893,0.2993,0.2612,0
160,ATM001,0.5183,0.9967,0.9048,1.0,0
160,ATM002,0.5183,0.9967,0.6989,0.7257,0
160,ATM003,0.5183,0.9967,0.3734,0.7651,0
160,ATM004,0.5183,0.9967,0.5135,0.7487,0
160,ATM005,0.5183,0.9967,0.7591,1.0,0
160,ATM006,0.5183,0.9967,0.0169,1.0,0
160,ATM007,0.5183,0.9967,0.5374,1.0,0
160,ATM008,0.5183,0.9967,0.3626,1.0,0
160,ATM009,0.5183,0.9967,0.0813,0.0,0
160,ATM010,0.5183,0.9967,0.5696,1.0,1
160,ATM011,0.5183,0.9967,0.1634,0.4848,0
160,ATM012,0.5183,0.9967,0.2993,0.2612,0
161,ATM001,0.2234,0.363,0.6397,1.0,0
161,ATM002,0.2234,0.363,0.3232,0.7257,0
161,ATM003,0.2234,0.363,0.6754,0.7651,0
161,ATM004,0.2234,0.363,0.0208,0.7487,0
161,ATM005,0.2234,0.363,0.7704,1.0,0
161,ATM006,0.2234,0.363,0.5226,1.0,0
161,ATM007,0.2234,0.363,0.7336,1.0,0
161,ATM008,0.2234,0.363,0.2824,1.0,0
161,ATM009,0.2234,0.363,0.1115,0.0,0
161,ATM010,0.2234,0.363,0.2449,1.0,1
161,ATM011,0.2234,0.363,0.2302,0.4848,0
161,ATM012,0.2234,0.363,0.1498,0.2612,0
162,ATM001,0.5183,0.9967,0.6054,1.0,0
162,ATM002,0.5183,0.9967,0.0296,0.7257,0
162,ATM003,0.5183,0.9967,0.2712,0.7651,0
162,ATM004,0.5183,0.9967,0.319,0.7487,0
162,ATM005,0.5183,0.9967,0.4439,1.0,0
162,ATM006,0.5183,0.9967,0.6973,1.0,0
162,ATM007,0.5183,0.9967,0.3976,1.0,0
162,ATM008,0.5183,0.9967,0.446,1.0,0
162,ATM009,0.5183,0.9967,0.0813,0.0,0
162,ATM010,0.5183,0.9967,0.7441,1.0,1
162,ATM011,0.5183,0.9967,0.1531,0.4848,0
162,ATM012,0.5183,0.9967,0.5122,0.2612,0
163,ATM001,0.1131,0.0343,0.0445,1.0,0
163,ATM002,0.1131,0.0343,0.5927,0.7257,0
163,ATM003,0.1131,0.0343,0.5069,0.7651,0
163,ATM004,0.1131,0.0343,0.6535,0.7487,0
163,ATM005,0.1131,0.0343,0.8299,1.0,0
163,ATM006,0.1131,0.0343,0.8968,1.0,0
163,ATM007,0.1131,0.0343,0.73,1.0,0
163,ATM008,0.1131,0.0343,0.416,1.0,0
163,ATM009,0.1131,0.0343,0.1062,0.0,0
163,ATM010,0.1131,0.0343,0.4303,1.0,1
163,ATM011,0.1131,0.0343,0.2161,0.4848,0
163,ATM012,0.1131,0.0343,0.2695,0.2612,0
164,ATM001,0.2132,0.3373,0.6054,1.0,1
164,ATM002,0.2132,0.3373,0.0296,0.7257,0
164,ATM003,0.2132,0.3373,0.2712,0.7651,0
164,ATM004,0.2132,0.3373,0.319,0.7487,0
164,ATM005,0.2132,0.3373,0.4439,1.0,0
164,ATM006,0.2132,0.3373,0.6973,1.0,0
164,ATM007,0.2132,0.3373,0.3976,1.0,0
164,ATM008,0.2132,0.3373,0.446,1.0,0
164,ATM009,0.2132,0.3373,0.0813,0.0,0
164,ATM010,0.2132,0.3373,0.7441,1.0,0
164,ATM011,0.2132,0.3373,0.1531,0.4848,0
164,ATM012,0.2132,0.3373,0.5122,0.2612,0
165,ATM001,0.3308,0.6126,0.5003,1.0,1
165,ATM002,0.3308,0.6126,0.2786,0.7257,0
165,ATM003,0.3308,0.6126,0.0328,0.7651,0
165,ATM004,0.3308,0.6126,0.6784,0.7487,0
165,ATM005,0.3308,0.6126,0.4713,1.0,0
165,ATM006,0.3308,0.6126,0.3804,1.0,0
165,ATM007,0.3308,0.6126,0.8322,1.0,0
165,ATM008,0.3308,0.6126,0.3704,1.0,0
165,ATM009,0.3308,0.6126,0.2,0.0,0
165,ATM010,0.3308,0.6126,0.1857,1.0,0
165,ATM011,0.3308,0.6126,0.4118,0.4848,0
165,ATM012,0.3308,0.6126,0.153,0.2612,0
166,ATM001,0.2097,0.3285,0.5003,1.0,0
166,ATM002,0.2097,0.3285,0.2786,0.7257,0
166,ATM003,0.2097,0.3285,0.0328,0.7651,0
166,ATM004,0.2097,0.3285,0.6784,0.7487,0
166,ATM005,0.2097,0.3285,0.4713,1.0,0
166,ATM006,0.2097,0.3285,0.3804,1.0,0
166,ATM007,0.2097,0.3285,0.8322,1.0,0
166,ATM008,0.2097,0.3285,0.3704,1.0,0
166,ATM009,0.2097,0.3285,0.2,0.0,0
166,ATM010,0.2097,0.3285,0.1857,1.0,1
166,ATM011,0.2097,0.3285,0.4118,0.4848,0
166,ATM012,0.2097,0.3285,0.153,0.2612,0
167,ATM001,0.3483,0.6505,0.6397,1.0,0
167,ATM002,0.3483,0.6505,0.3232,0.7257,0
167,ATM003,0.3483,0.6505,0.6754,0.7651,0
167,ATM004,0.3483,0.6505,0.0208,0.7487,0
167,ATM005,0.3483,0.6505,0.7704,1.0,1
167,ATM006,0.3483,0.6505,0.5226,1.0,0
167,ATM007,0.3483,0.6505,0.7336,1.0,0
167,ATM008,0.3483,0.6505,0.2824,1.0,0
167,ATM009,0.3483,0.6505,0.1115,0.0,0
167,ATM010,0.3483,0.6505,0.2449,1.0,0
167,ATM011,0.3483,0.6505,0.2302,0.4848,0
167,ATM012,0.3483,0.6505,0.1498,0.2612,0
168,ATM001,0.2784,0.4949,0.9048,1.0,0
168,ATM002,0.2784,0.4949,0.6989,0.7257,0
168,ATM003,0.2784,0.4949,0.3734,0.7651,0
168,ATM004,0.2784,0.4949,0.5135,0.7487,0
168,ATM005,0.2784,0.4949,0.7591,1.0,1
168,ATM006,0.2784,0.4949,0.0169,1.0,0
168,ATM007,0.2784,0.4949,0.5374,1.0,0
168,ATM008,0.2784,0.4949,0.3626,1.0,0
168,ATM009,0.2784,0.4949,0.0813,0.0,0
168,ATM010,0.2784,0.4949,0.5696,1.0,0
168,ATM011,0.2784,0.4949,0.1634,0.4848,0
168,ATM012,0.2784,0.4949,0.2993,0.2612,0
169,ATM001,0.1474,0.1557,0.6054,1.0,1
169,ATM002,0.1474,0.1557,0.0296,0.7257,0
169,ATM003,0.1474,0.1557,0.2712,0.7651,0
169,ATM004,0.1474,0.1557,0.319,0.7487,0
169,ATM005,0.1474,0.1557,0.4439,1.0,0
169,ATM006,0.1474,0.1557,0.6973,1.0,0
169,ATM007,0.1474,0.1557,0.3976,1.0,0
169,ATM008,0.1474,0.1557,0.446,1.0,0
169,ATM009,0.1474,0.1557,0.0813,0.0,0
169,ATM010,0.1474,0.1557,0.7441,1.0,0
169,ATM011,0.1474,0.1557,0.1531,0.4848,0
169,ATM012,0.1474,0.1557,0.5122,0.2612,0
170,ATM001,0.3384,0.6292,0.9048,1.0,0
170,ATM002,0.3384,0.6292,0.6989,0.7257,0
170,ATM003,0.3384,0.6292,0.3734,0.7651,0
170,ATM004,0.3384,0.6292,0.5135,0.7487,0
170,ATM005,0.3384,0.6292,0.7591,1.0,0
170,ATM006,0.3384,0.6292,0.0169,1.0,0
170,ATM007,0.3384,0.6292,0.5374,1.0,0
170,ATM008,0.3384,0.6292,0.3626,1.0,1
170,ATM009,0.3384,0.6292,0.0813,0.0,0
170,ATM010,0.3384,0.6292,0.5696,1.0,0
170,ATM011,0.3384,0.6292,0.1634,0.4848,0
170,ATM012,0.3384,0.6292,0.2993,0.2612,0
171,ATM001,0.3054,0.5562,0.6054,1.0,1
171,ATM002,0.3054,0.5562,0.0296,0.7257,0
171,ATM003,0.3054,0.5562,0.2712,0.7651,0
171,ATM004,0.3054,0.5562,0.319,0.7487,0
171,ATM005,0.3054,0.5562,0.4439,1.0,0
171,ATM006,0.3054,0.5562,0.6973,1.0,0
171,ATM007,0.3054,0.5562,0.3976,1.0,0
171,ATM008,0.3054,0.5562,0.446,1.0,0
171,ATM009,0.3054,0.5562,0.0813,0.0,0
171,ATM010,0.3054,0.5562,0.7441,1.0,0
171,ATM011,0.3054,0.5562,0.1531,0.4848,0
171,ATM012,0.3054,0.5562,0.5122,0.2612,0
172,ATM001,0.5183,0.9967,0.6054,1.0,0
172,ATM002,0.5183,0.9967,0.0296,0.7257,0
172,ATM003,0.5183,0.9967,0.2712,0.7651,1
172,ATM004,0.5183,0.9967,0.319,0.7487,0
172,ATM005,0.5183,0.9967,0.4439,1.0,0
172,ATM006,0.5183,0.9967,0.6973,1.0,0
172,ATM007,0.5183,0.9967,0.3976,1.0,0
172,ATM008,0.5183,0.9967,0.446,1.0,0
172,ATM009,0.5183,0.9967,0.0813,0.0,0
172,ATM010,0.5183,0.9967,0.7441,1.0,0
172,ATM011,0.5183,0.9967,0.1531,0.4848,0
172,ATM012,0.5183,0.9967,0.5122,0.2612,0
173,ATM001,0.1108,0.0237,0.6054,1.0,0
173,ATM002,0.1108,0.0237,0.0296,0.7257,0
173,ATM003,0.1108,0.0237,0.2712,1.0,0
173,ATM004,0.1108,0.0237,0.319,0.7487,0
173,ATM005,0.1108,0.0237,0.4439,1.0,0
173,ATM006,0.1108,0.0237,0.6973,1.0,0
173,ATM007,0.1108,0.0237,0.3976,1.0,0
173,ATM008,0.1108,0.0237,0.446,1.0,0
173,ATM009,0.1108,0.0237,0.0813,0.0,0
173,ATM010,0.1108,0.0237,0.7441,1.0,1
173,ATM011,0.1108,0.0237,0.1531,0.4848,0
173,ATM012,0.1108,0.0237,0.5122,0.2612,0
174,ATM001,0.2641,0.4615,0.9048,1.0,0
174,ATM002,0.2641,0.4615,0.6989,0.7257,0
174,ATM003,0.2641,0.4615,0.3734,1.0,0
174,ATM004,0.2641,0.4615,0.5135,0.7487,0
174,ATM005,0.2641,0.4615,0.7591,1.0,1
174,ATM006,0.2641,0.4615,0.0169,1.0,0
174,ATM007,0.2641,0.4615,0.5374,1.0,0
174,ATM008,0.2641,0.4615,0.3626,1.0,0
174,ATM009,0.2641,0.4615,0.0813,0.0,0
174,ATM010,0.2641,0.4615,0.5696,1.0,0
174,ATM011,0.2641,0.4615,0.1634,0.4848,0
174,ATM012,0.2641,0.4615,0.2993,0.2612,0
175,ATM001,0.2895,0.5203,0.9048,1.0,0
175,ATM002,0.2895,0.5203,0.6989,0.7257,0
175,ATM003,0.2895,0.5203,0.3734,1.0,1
175,ATM004,0.2895,0.5203,0.5135,0.7487,0
175,ATM005,0.2895,0.5203,0.7591,1.0,0
175,ATM006,0.2895,0.5203,0.0169,1.0,0
175,ATM007,0.2895,0.5203,0.5374,1.0,0
175,ATM008,0.2895,0.5203,0.3626,1.0,0
175,ATM009,0.2895,0.5203,0.0813,0.0,0
175,ATM010,0.2895,0.5203,0.5696,1.0,0
175,ATM011,0.2895,0.5203,0.1634,0.4848,0
175,ATM012,0.2895,0.5203,0.2993,0.2612,0
176,ATM001,0.2589,0.4493,0.6054,1.0,1
176,ATM002,0.2589,0.4493,0.0296,0.7257,0
176,ATM003,0.2589,0.4493,0.2712,1.0,0
176,ATM004,0.2589,0.4493,0.319,0.7487,0
176,ATM005,0.2589,0.4493,0.4439,1.0,0
176,ATM006,0.2589,0.4493,0.6973,1.0,0
176,ATM007,0.2589,0.4493,0.3976,1.0,0
176,ATM008,0.2589,0.4493,0.446,1.0,0
176,ATM009,0.2589,0.4493,0.0813,0.0,0
176,ATM010,0.2589,0.4493,0.7441,1.0,0
176,ATM011,0.2589,0.4493,0.1531,0.4848,0
176,ATM012,0.2589,0.4493,0.5122,0.2612,0
177,ATM001,0.3617,0.6793,0.9048,1.0,0
177,ATM002,0.3617,0.6793,0.6989,0.7257,0
177,ATM003,0.3617,0.6793,0.3734,1.0,0
177,ATM004,0.3617,0.6793,0.5135,0.7487,0
177,ATM005,0.3617,0.6793,0.7591,1.0,1
177,ATM006,0.3617,0.6793,0.0169,1.0,0
177,ATM007,0.3617,0.6793,0.5374,1.0,0
177,ATM008,0.3617,0.6793,0.3626,1.0,0
177,ATM009,0.3617,0.6793,0.0813,0.0,0
177,ATM010,0.3617,0.6793,0.5696,1.0,0
177,ATM011,0.3617,0.6793,0.1634,0.4848,0
177,ATM012,0.3617,0.6793,0.2993,0.2612,0
178,ATM001,0.2552,0.4404,0.6054,1.0,1
178,ATM002,0.2552,0.4404,0.0296,0.7257,0
178,ATM003,0.2552,0.4404,0.2712,1.0,0
178,ATM004,0.2552,0.4404,0.319,0.7487,0
178,ATM005,0.2552,0.4404,0.4439,1.0,0
178,ATM006,0.2552,0.4404,0.6973,1.0,0
178,ATM007,0.2552,0.4404,0.3976,1.0,0
178,ATM008,0.2552,0.4404,0.446,1.0,0
178,ATM009,0.2552,0.4404,0.0813,0.0,0
178,ATM010,0.2552,0.4404,0.7441,1.0,0
178,ATM011,0.2552,0.4404,0.1531,0.4848,0
178,ATM012,0.2552,0.4404,0.5122,0.2612,0
179,ATM001,0.1141,0.0389,0.9048,1.0,0
179,ATM002,0.1141,0.0389,0.6989,0.7257,0
179,ATM003,0.1141,0.0389,0.3734,1.0,0
179,ATM004,0.1141,0.0389,0.5135,0.7487,0
179,ATM005,0.1141,0.0389,0.7591,1.0,1
179,ATM006,0.1141,0.0389,0.0169,1.0,0
179,ATM007,0.1141,0.0389,0.5374,1.0,0
179,ATM008,0.1141,0.0389,0.3626,1.0,0
179,ATM009,0.1141,0.0389,0.0813,0.0,0
179,ATM010,0.1141,0.0389,0.5696,1.0,0
179,ATM011,0.1141,0.0389,0.1634,0.4848,0
179,ATM012,0.1141,0.0389,0.2993,0.2612,0
180,ATM001,0.2335,0.388,0.6054,1.0,0
180,ATM002,0.2335,0.388,0.0296,0.7257,0
180,ATM003,0.2335,0.388,0.2712,1.0,0
180,ATM004,0.2335,0.388,0.319,0.7487,0
180,ATM005,0.2335,0.388,0.4439,1.0,1
180,ATM006,0.2335,0.388,0.6973,1.0,0
180,ATM007,0.2335,0.388,0.3976,1.0,0
180,ATM008,0.2335,0.388,0.446,1.0,0
180,ATM009,0.2335,0.388,0.0813,0.0,0
180,ATM010,0.2335,0.388,0.7441,1.0,0
180,ATM011,0.2335,0.388,0.1531,0.4848,0
180,ATM012,0.2335,0.388,0.5122,0.2612,0
181,ATM001,0.3112,0.5693,0.0445,1.0,0
181,ATM002,0.3112,0.5693,0.5927,0.7257,0
181,ATM003,0.3112,0.5693,0.5069,1.0,0
181,ATM004,0.3112,0.5693,0.6535,0.7487,0
181,ATM005,0.3112,0.5693,0.8299,1.0,1
181,ATM006,0.3112,0.5693,0.8968,1.0,0
181,ATM007,0.3112,0.5693,0.73,1.0,0
181,ATM008,0.3112,0.5693,0.416,1.0,0
181,ATM009,0.3112,0.5693,0.1062,0.0,0
181,ATM010,0.3112,0.5693,0.4303,1.0,0
181,ATM011,0.3112,0.5693,0.2161,0.4848,0
181,ATM012,0.3112,0.5693,0.2695,0.2612,0
182,ATM001,0.3217,0.5925,0.0445,1.0,0
182,ATM002,0.3217,0.5925,0.5927,0.7257,0
182,ATM003,0.3217,0.5925,0.5069,1.0,0
182,ATM004,0.3217,0.5925,0.6535,0.7487,0
182,ATM005,0.3217,0.5925,0.8299,1.0,1
182,ATM006,0.3217,0.5925,0.8968,1.0,0
182,ATM007,0.3217,0.5925,0.73,1.0,0
182,ATM008,0.3217,0.5925,0.416,1.0,0
182,ATM009,0.3217,0.5925,0.1062,0.0,0
182,ATM010,0.3217,0.5925,0.4303,1.0,0
182,ATM011,0.3217,0.5925,0.2161,0.4848,0
182,ATM012,0.3217,0.5925,0.2695,0.2612,0
183,ATM001,0.2319,0.3842,0.5003,1.0,0
183,ATM002,0.2319,0.3842,0.2786,0.7257,0
183,ATM003,0.2319,0.3842,0.0328,1.0,0
183,ATM004,0.2319,0.3842,0.6784,0.7487,0
183,ATM005,0.2319,0.3842,0.4713,1.0,0
183,ATM006,0.2319,0.3842,0.3804,1.0,1
183,ATM007,0.2319,0.3842,0.8322,1.0,0
183,ATM008,0.2319,0.3842,0.3704,1.0,0
183,ATM009,0.2319,0.3842,0.2,0.0,0
183,ATM010,0.2319,0.3842,0.1857,1.0,0
183,ATM011,0.2319,0.3842,0.4118,0.4848,0
183,ATM012,0.2319,0.3842,0.153,0.2612,0
184,ATM001,0.1137,0.0369,0.0445,1.0,0
184,ATM002,0.1137,0.0369,0.5927,0.7257,0
184,ATM003,0.1137,0.0369,0.5069,1.0,0
184,ATM004,0.1137,0.0369,0.6535,0.7487,0
184,ATM005,0.1137,0.0369,0.8299,1.0,1
184,ATM006,0.1137,0.0369,0.8968,1.0,0
184,ATM007,0.1137,0.0369,0.73,1.0,0
184,ATM008,0.1137,0.0369,0.416,1.0,0
184,ATM009,0.1137,0.0369,0.1062,0.0,0
184,ATM010,0.1137,0.0369,0.4303,1.0,0
184,ATM011,0.1137,0.0369,0.2161,0.4848,0
184,ATM012,0.1137,0.0369,0.2695,0.2612,0
185,ATM001,0.5183,0.9967,0.6054,1.0,0
185,ATM002,0.5183,0.9967,0.0296,0.7257,0
185,ATM003,0.5183,0.9967,0.2712,1.0,0
185,ATM004,0.5183,0.9967,0.319,0.7487,0
185,ATM005,0.5183,0.9967,0.4439,1.0,1
185,ATM006,0.5183,0.9967,0.6973,1.0,0
185,ATM007,0.5183,0.9967,0.3976,1.0,0
185,ATM008,0.5183,0.9967,0.446,1.0,0
185,ATM009,0.5183,0.9967,0.0813,0.0,0
185,ATM010,0.5183,0.9967,0.7441,1.0,0
185,ATM011,0.5183,0.9967,0.1531,0.4848,0
185,ATM012,0.5183,0.9967,0.5122,0.2612,0
186,ATM001,0.116,0.0467,0.6054,1.0,1
186,ATM002,0.116,0.0467,0.0296,0.7257,0
186,ATM003,0.116,0.0467,0.2712,1.0,0
186,ATM004,0.116,0.0467,0.319,0.7487,0
186,ATM005,0.116,0.0467,0.4439,1.0,0
186,ATM006,0.116,0.0467,0.6973,1.0,0
186,ATM007,0.116,0.0467,0.3976,1.0,0
186,ATM008,0.116,0.0467,0.446,1.0,0
186,ATM009,0.116,0.0467,0.0813,0.0,0
186,ATM010,0.116,0.0467,0.7441,1.0,0
186,ATM011,0.116,0.0467,0.1531,0.4848,0
186,ATM012,0.116,0.0467,0.5122,0.2612,0
187,ATM001,0.5183,0.9967,0.6054,1.0,1
187,ATM002,0.5183,0.9967,0.0296,0.7257,0
187,ATM003,0.5183,0.9967,0.2712,1.0,0
187,ATM004,0.5183,0.9967,0.319,0.7487,0
187,ATM005,0.5183,0.9967,0.4439,1.0,0
187,ATM006,0.5183,0.9967,0.6973,1.0,0
187,ATM007,0.5183,0.9967,0.3976,1.0,0
187,ATM008,0.5183,0.9967,0.446,1.0,0
187,ATM009,0.5183,0.9967,0.0813,0.0,0
187,ATM010,0.5183,0.9967,0.7441,1.0,0
187,ATM011,0.5183,0.9967,0.1531,0.4848,0
187,ATM012,0.5183,0.9967,0.5122,0.2612,0
188,ATM001,0.2309,0.3816,0.6397,1.0,0
188,ATM002,0.2309,0.3816,0.3232,0.7257,0
188,ATM003,0.2309,0.3816,0.6754,1.0,0
188,ATM004,0.2309,0.3816,0.0208,0.7487,0
188,ATM005,0.2309,0.3816,0.7704,1.0,0
188,ATM006,0.2309,0.3816,0.5226,1.0,0
188,ATM007,0.2309,0.3816,0.7336,1.0,0
188,ATM008,0.2309,0.3816,0.2824,1.0,0
188,ATM009,0.2309,0.3816,0.1115,0.0,0
188,ATM010,0.2309,0.3816,0.2449,1.0,1
188,ATM011,0.2309,0.3816,0.2302,0.4848,0
188,ATM012,0.2309,0.3816,0.1498,0.2612,0
189,ATM001,0.2106,0.3307,0.9048,1.0,0
189,ATM002,0.2106,0.3307,0.6989,0.7257,0
189,ATM003,0.2106,0.3307,0.3734,1.0,0
189,ATM004,0.2106,0.3307,0.5135,0.7487,1
189,ATM005,0.2106,0.3307,0.7591,1.0,0
189,ATM006,0.2106,0.3307,0.0169,1.0,0
189,ATM007,0.2106,0.3307,0.5374,1.0,0
189,ATM008,0.2106,0.3307,0.3626,1.0,0
189,ATM009,0.2106,0.3307,0.0813,0.0,0
189,ATM010,0.2106,0.3307,0.5696,1.0,0
189,ATM011,0.2106,0.3307,0.1634,0.4848,0
189,ATM012,0.2106,0.3307,0.2993,0.2612,0
190,ATM001,0.2552,0.4404,0.6054,1.0,0
190,ATM002,0.2552,0.4404,0.0296,0.7257,0
190,ATM003,0.2552,0.4404,0.2712,1.0,0
190,ATM004,0.2552,0.4404,0.319,1.0,0
190,ATM005,0.2552,0.4404,0.4439,1.0,0
190,ATM006,0.2552,0.4404,0.6973,1.0,1
190,ATM007,0.2552,0.4404,0.3976,1.0,0
190,ATM008,0.2552,0.4404,0.446,1.0,0
190,ATM009,0.2552,0.4404,0.0813,0.0,0
190,ATM010,0.2552,0.4404,0.7441,1.0,0
190,ATM011,0.2552,0.4404,0.1531,0.4848,0
190,ATM012,0.2552,0.4404,0.5122,0.2612,0
191,ATM001,0.3244,0.5985,0.9048,1.0,1
191,ATM002,0.3244,0.5985,0.6989,0.7257,0
191,ATM003,0.3244,0.5985,0.3734,1.0,0
191,ATM004,0.3244,0.5985,0.5135,1.0,0
191,ATM005,0.3244,0.5985,0.7591,1.0,0
191,ATM006,0.3244,0.5985,0.0169,1.0,0
191,ATM007,0.3244,0.5985,0.5374,1.0,0
191,ATM008,0.3244,0.5985,0.3626,1.0,0
191,ATM009,0.3244,0.5985,0.0813,0.0,0
191,ATM010,0.3244,0.5985,0.5696,1.0,0
191,ATM011,0.3244,0.5985,0.1634,0.4848,0
191,ATM012,0.3244,0.5985,0.2993,0.2612,0
192,ATM001,0.3299,0.6106,0.6054,1.0,0
192,ATM002,0.3299,0.6106,0.0296,0.7257,0
192,ATM003,0.3299,0.6106,0.2712,1.0,0
192,ATM004,0.3299,0.6106,0.319,1.0,0
192,ATM005,0.3299,0.6106,0.4439,1.0,1
192,ATM006,0.3299,0.6106,0.6973,1.0,0
192,ATM007,0.3299,0.6106,0.3976,1.0,0
192,ATM008,0.3299,0.6106,0.446,1.0,0
192,ATM009,0.3299,0.6106,0.0813,0.0,0
192,ATM010,0.3299,0.6106,0.7441,1.0,0
192,ATM011,0.3299,0.6106,0.1531,0.4848,0
192,ATM012,0.3299,0.6106,0.5122,0.2612,0
193,ATM001,0.1961,0.2933,0.6397,1.0,0
193,ATM002,0.1961,0.2933,0.3232,0.7257,0
193,ATM003,0.1961,0.2933,0.6754,1.0,0
193,ATM004,0.1961,0.2933,0.0208,1.0,0
193,ATM005,0.1961,0.2933,0.7704,1.0,1
193,ATM006,0.1961,0.2933,0.5226,1.0,0
193,ATM007,0.1961,0.2933,0.7336,1.0,0
193,ATM008,0.1961,0.2933,0.2824,1.0,0
193,ATM009,0.1961,0.2933,0.1115,0.0,0
193,ATM010,0.1961,0.2933,0.2449,1.0,0
193,ATM011,0.1961,0.2933,0.2302,0.4848,0
193,ATM012,0.1961,0.2933,0.1498,0.2612,0
194,ATM001,0.5183,0.9967,0.6054,1.0,1
194,ATM002,0.5183,0.9967,0.0296,0.7257,0
194,ATM003,0.5183,0.9967,0.2712,1.0,0
194,ATM004,0.5183,0.9967,0.319,1.0,0
194,ATM005,0.5183,0.9967,0.4439,1.0,0
194,ATM006,0.5183,0.9967,0.6973,1.0,0
194,ATM007,0.5183,0.9967,0.3976,1.0,0
194,ATM008,0.5183,0.9967,0.446,1.0,0
194,ATM009,0.5183,0.9967,0.0813,0.0,0
194,ATM010,0.5183,0.9967,0.7441,1.0,0
194,ATM011,0.5183,0.9967,0.1531,0.4848,0
194,ATM012,0.5183,0.9967,0.5122,0.2612,0
195,ATM001,0.5183,0.9967,0.6054,1.0,0
195,ATM002,0.5183,0.9967,0.0296,0.7257,0
195,ATM003,0.5183,0.9967,0.2712,1.0,0
195,ATM004,0.5183,0.9967,0.319,1.0,0
195,ATM005,0.5183,0.9967,0.4439,1.0,0
195,ATM006,0.5183,0.9967,0.6973,1.0,0
195,ATM007,0.5183,0.9967,0.3976,1.0,0
195,ATM008,0.5183,0.9967,0.446,1.0,0
195,ATM009,0.5183,0.9967,0.0813,0.0,0
195,ATM010,0.5183,0.9967,0.7441,1.0,1
195,ATM011,0.5183,0.9967,0.1531,0.4848,0
195,ATM012,0.5183,0.9967,0.5122,0.2612,0
196,ATM001,0.5183,0.9967,0.0445,1.0,0
196,ATM002,0.5183,0.9967,0.5927,0.7257,0
196,ATM003,0.5183,0.9967,0.5069,1.0,0
196,ATM004,0.5183,0.9967,0.6535,1.0,0
196,ATM005,0.5183,0.9967,0.8299,1.0,0
196,ATM006,0.5183,0.9967,0.8968,1.0,0
196,ATM007,0.5183,0.9967,0.73,1.0,0
196,ATM008,0.5183,0.9967,0.416,1.0,0
196,ATM009,0.5183,0.9967,0.1062,0.0,0
196,ATM010,0.5183,0.9967,0.4303,1.0,1
196,ATM011,0.5183,0.9967,0.2161,0.4848,0
196,ATM012,0.5183,0.9967,0.2695,0.2612,0
197,ATM001,0.5183,0.9967,0.6054,1.0,0
197,ATM002,0.5183,0.9967,0.0296,0.7257,0
197,ATM003,0.5183,0.9967,0.2712,1.0,0
197,ATM004,0.5183,0.9967,0.319,1.0,0
197,ATM005,0.5183,0.9967,0.4439,1.0,0
197,ATM006,0.5183,0.9967,0.6973,1.0,0
197,ATM007,0.5183,0.9967,0.3976,1.0,0
197,ATM008,0.5183,0.9967,0.446,1.0,0
197,ATM009,0.5183,0.9967,0.0813,0.0,0
197,ATM010,0.5183,0.9967,0.7441,1.0,1
197,ATM011,0.5183,0.9967,0.1531,0.4848,0
197,ATM012,0.5183,0.9967,0.5122,0.2612,0
198,ATM001,0.4207,0.8025,0.6397,1.0,0
198,ATM002,0.4207,0.8025,0.3232,0.7257,0
198,ATM003,0.4207,0.8025,0.6754,1.0,0
198,ATM004,0.4207,0.8025,0.0208,1.0,0
198,ATM005,0.4207,0.8025,0.7704,1.0,0
198,ATM006,0.4207,0.8025,0.5226,1.0,0
198,ATM007,0.4207,0.8025,0.7336,1.0,1
198,ATM008,0.4207,0.8025,0.2824,1.0,0
198,ATM009,0.4207,0.8025,0.1115,0.0,0
198,ATM010,0.4207,0.8025,0.2449,1.0,0
198,ATM011,0.4207,0.8025,0.2302,0.4848,0
198,ATM012,0.4207,0.8025,0.1498,0.2612,0
199,ATM001,0.137,0.1229,0.9048,1.0,0
199,ATM002,0.137,0.1229,0.6989,0.7257,0
199,ATM003,0.137,0.1229,0.3734,1.0,0
199,ATM004,0.137,0.1229,0.5135,1.0,0
199,ATM005,0.137,0.1229,0.7591,1.0,1
199,ATM006,0.137,0.1229,0.0169,1.0,0
199,ATM007,0.137,0.1229,0.5374,1.0,0
199,ATM008,0.137,0.1229,0.3626,1.0,0
199,ATM009,0.137,0.1229,0.0813,0.0,0
199,ATM010,0.137,0.1229,0.5696,1.0,0
199,ATM011,0.137,0.1229,0.1634,0.4848,0
199,ATM012,0.137,0.1229,0.2993,0.2612,0
200,ATM001,0.5183,0.9967,0.6054,1.0,0
200,ATM002,0.5183,0.9967,0.0296,0.7257,0
200,ATM003,0.5183,0.9967,0.2712,1.0,0
200,ATM004,0.5183,0.9967,0.319,1.0,0
200,ATM005,0.5183,0.9967,0.4439,1.0,0
200,ATM006,0.5183,0.9967,0.6973,1.0,0
200,ATM007,0.5183,0.9967,0.3976,1.0,0
200,ATM008,0.5183,0.9967,0.446,1.0,0
200,ATM009,0.5183,0.9967,0.0813,0.0,0
200,ATM010,0.5183,0.9967,0.7441,1.0,0
200,ATM011,0.5183,0.9967,0.1531,0.4848,0
200,ATM012,0.5183,0.9967,0.5122,0.2612,1
201,ATM001,0.2763,0.49,0.0445,1.0,0
201,ATM002,0.2763,0.49,0.5927,0.7257,0
201,ATM003,0.2763,0.49,0.5069,1.0,0
201,ATM004,0.2763,0.49,0.6535,1.0,0
201,ATM005,0.2763,0.49,0.8299,1.0,0
201,ATM006,0.2763,0.49,0.8968,1.0,0
201,ATM007,0.2763,0.49,0.73,1.0,1
201,ATM008,0.2763,0.49,0.416,1.0,0
201,ATM009,0.2763,0.49,0.1062,0.0,0
201,ATM010,0.2763,0.49,0.4303,1.0,0
201,ATM011,0.2763,0.49,0.2161,0.4848,0
201,ATM012,0.2763,0.49,0.2695,0.5484,0
202,ATM001,0.3147,0.5769,0.9048,1.0,0
202,ATM002,0.3147,0.5769,0.6989,0.7257,0
202,ATM003,0.3147,0.5769,0.3734,1.0,0
202,ATM004,0.3147,0.5769,0.5135,1.0,0
202,ATM005,0.3147,0.5769,0.7591,1.0,0
202,ATM006,0.3147,0.5769,0.0169,1.0,0
202,ATM007,0.3147,0.5769,0.5374,1.0,0
202,ATM008,0.3147,0.5769,0.3626,1.0,0
202,ATM009,0.3147,0.5769,0.0813,0.0,0
202,ATM010,0.3147,0.5769,0.5696,1.0,0
202,ATM011,0.3147,0.5769,0.1634,0.4848,0
202,ATM012,0.3147,0.5769,0.2993,0.5484,1
203,ATM001,0.3463,0.6462,0.5003,1.0,0
203,ATM002,0.3463,0.6462,0.2786,0.7257,0
203,ATM003,0.3463,0.6462,0.0328,1.0,0
203,ATM004,0.3463,0.6462,0.6784,1.0,0
203,ATM005,0.3463,0.6462,0.4713,1.0,0
203,ATM006,0.3463,0.6462,0.3804,1.0,1
203,ATM007,0.3463,0.6462,0.8322,1.0,0
203,ATM008,0.3463,0.6462,0.3704,1.0,0
203,ATM009,0.3463,0.6462,0.2,0.0,0
203,ATM010,0.3463,0.6462,0.1857,1.0,0
203,ATM011,0.3463,0.6462,0.4118,0.4848,0
203,ATM012,0.3463,0.6462,0.153,0.8365,0
204,ATM001,0.5183,0.9967,0.6054,1.0,1
204,ATM002,0.5183,0.9967,0.0296,0.7257,0
204,ATM003,0.5183,0.9967,0.2712,1.0,0
204,ATM004,0.5183,0.9967,0.319,1.0,0
204,ATM005,0.5183,0.9967,0.4439,1.0,0
204,ATM006,0.5183,0.9967,0.6973,1.0,0
204,ATM007,0.5183,0.9967,0.3976,1.0,0
204,ATM008,0.5183,0.9967,0.446,1.0,0
204,ATM009,0.5183,0.9967,0.0813,0.0,0
204,ATM010,0.5183,0.9967,0.7441,1.0,0
204,ATM011,0.5183,0.9967,0.1531,0.4848,0
204,ATM012,0.5183,0.9967,0.5122,0.8365,0
205,ATM001,0.2389,0.4012,0.5003,1.0,0
205,ATM002,0.2389,0.4012,0.2786,0.7257,0
205,ATM003,0.2389,0.4012,0.0328,1.0,0
205,ATM004,0.2389,0.4012,0.6784,1.0,1
205,ATM005,0.2389,0.4012,0.4713,1.0,0
205,ATM006,0.2389,0.4012,0.3804,1.0,0
205,ATM007,0.2389,0.4012,0.8322,1.0,0
205,ATM008,0.2389,0.4012,0.3704,1.0,0
205,ATM009,0.2389,0.4012,0.2,0.0,0
205,ATM010,0.2389,0.4012,0.1857,1.0,0
205,ATM011,0.2389,0.4012,0.4118,0.4848,0
205,ATM012,0.2389,0.4012,0.153,0.8365,0
206,ATM001,0.5183,0.9967,0.5003,1.0,0
206,ATM002,0.5183,0.9967,0.2786,0.7257,0
206,ATM003,0.5183,0.9967,0.0328,1.0,0
206,ATM004,0.5183,0.9967,0.6784,1.0,0
206,ATM005,0.5183,0.9967,0.4713,1.0,0
206,ATM006,0.5183,0.9967,0.3804,1.0,0
206,ATM007,0.5183,0.9967,0.8322,1.0,0
206,ATM008,0.5183,0.9967,0.3704,1.0,0
206,ATM009,0.5183,0.9967,0.2,0.0,0
206,ATM010,0.5183,0.9967,0.1857,1.0,0
206,ATM011,0.5183,0.9967,0.4118,0.4848,0
206,ATM012,0.5183,0.9967,0.153,0.8365,1
207,ATM001,0.2546,0.439,0.6054,1.0,1
207,ATM002,0.2546,0.439,0.0296,0.7257,0
207,ATM003,0.2546,0.439,0.2712,1.0,0
207,ATM004,0.2546,0.439,0.319,1.0,0
207,ATM005,0.2546,0.439,0.4439,1.0,0
207,ATM006,0.2546,0.439,0.6973,1.0,0
207,ATM007,0.2546,0.439,0.3976,1.0,0
207,ATM008,0.2546,0.439,0.446,1.0,0
207,ATM009,0.2546,0.439,0.0813,0.0,0
207,ATM010,0.2546,0.439,0.7441,1.0,0
207,ATM011,0.2546,0.439,0.1531,0.4848,0
207,ATM012,0.2546,0.439,0.5122,1.0,0
208,ATM001,0.2828,0.5049,0.5003,1.0,0
208,ATM002,0.2828,0.5049,0.2786,0.7257,0
208,ATM003,0.2828,0.5049,0.0328,1.0,0
208,ATM004,0.2828,0.5049,0.6784,1.0,0
208,ATM005,0.2828,0.5049,0.4713,1.0,0
208,ATM006,0.2828,0.5049,0.3804,1.0,0
208,ATM007,0.2828,0.5049,0.8322,1.0,1
208,ATM008,0.2828,0.5049,0.3704,1.0,0
208,ATM009,0.2828,0.5049,0.2,0.0,0
208,ATM010,0.2828,0.5049,0.1857,1.0,0
208,ATM011,0.2828,0.5049,0.4118,0.4848,0
208,ATM012,0.2828,0.5049,0.153,1.0,0
209,ATM001,0.1331,0.1097,0.0445,1.0,0
209,ATM002,0.1331,0.1097,0.5927,0.7257,0
209,ATM003,0.1331,0.1097,0.5069,1.0,0
209,ATM004,0.1331,0.1097,0.6535,1.0,0
209,ATM005,0.1331,0.1097,0.8299,1.0,0
209,ATM006,0.1331,0.1097,0.8968,1.0,0
209,ATM007,0.1331,0.1097,0.73,1.0,0
209,ATM008,0.1331,0.1097,0.416,1.0,0
209,ATM009,0.1331,0.1097,0.1062,0.0,0
209,ATM010,0.1331,0.1097,0.4303,1.0,1
209,ATM011,0.1331,0.1097,0.2161,0.4848,0
209,ATM012,0.1331,0.1097,0.2695,1.0,0
210,ATM001,0.1999,0.3032,0.6054,1.0,1
210,ATM002,0.1999,0.3032,0.0296,0.7257,0
210,ATM003,0.1999,0.3032,0.2712,1.0,0
210,ATM004,0.1999,0.3032,0.319,1.0,0
210,ATM005,0.1999,0.3032,0.4439,1.0,0
210,ATM006,0.1999,0.3032,0.6973,1.0,0
210,ATM007,0.1999,0.3032,0.3976,1.0,0
210,ATM008,0.1999,0.3032,0.446,1.0,0
210,ATM009,0.1999,0.3032,0.0813,0.0,0
210,ATM010,0.1999,0.3032,0.7441,1.0,0
210,ATM011,0.1999,0.3032,0.1531,0.4848,0
210,ATM012,0.1999,0.3032,0.5122,1.0,0
211,ATM001,0.1622,0.1999,0.6397,1.0,1
211,ATM002,0.1622,0.1999,0.3232,0.7257,0
211,ATM003,0.1622,0.1999,0.6754,1.0,0
211,ATM004,0.1622,0.1999,0.0208,1.0,0
211,ATM005,0.1622,0.1999,0.7704,1.0,0
211,ATM006,0.1622,0.1999,0.5226,1.0,0
211,ATM007,0.1622,0.1999,0.7336,1.0,0
211,ATM008,0.1622,0.1999,0.2824,1.0,0
211,ATM009,0.1622,0.1999,0.1115,0.0,0
211,ATM010,0.1622,0.1999,0.2449,1.0,0
211,ATM011,0.1622,0.1999,0.2302,0.4848,0
211,ATM012,0.1622,0.1999,0.1498,1.0,0
212,ATM001,0.461,0.884,0.9048,1.0,0
212,ATM002,0.461,0.884,0.6989,0.7257,0
212,ATM003,0.461,0.884,0.3734,1.0,0
212,ATM004,0.461,0.884,0.5135,1.0,0
212,ATM005,0.461,0.884,0.7591,1.0,1
212,ATM006,0.461,0.884,0.0169,1.0,0
212,ATM007,0.461,0.884,0.5374,1.0,0
212,ATM008,0.461,0.884,0.3626,1.0,0
212,ATM009,0.461,0.884,0.0813,0.0,0
212,ATM010,0.461,0.884,0.5696,1.0,0
212,ATM011,0.461,0.884,0.1634,0.4848,0
212,ATM012,0.461,0.884,0.2993,1.0,0
213,ATM001,0.1109,0.024,0.5003,1.0,0
213,ATM002,0.1109,0.024,0.2786,0.7257,0
213,ATM003,0.1109,0.024,0.0328,1.0,0
213,ATM004,0.1109,0.024,0.6784,1.0,0
213,ATM005,0.1109,0.024,0.4713,1.0,1
213,ATM006,0.1109,0.024,0.3804,1.0,0
213,ATM007,0.1109,0.024,0.8322,1.0,0
213,ATM008,0.1109,0.024,0.3704,1.0,0
213,ATM009,0.1109,0.024,0.2,0.0,0
213,ATM010,0.1109,0.024,0.1857,1.0,0
213,ATM011,0.1109,0.024,0.4118,0.4848,0
213,ATM012,0.1109,0.024,0.153,1.0,0
214,ATM001,0.1711,0.2254,0.0445,1.0,0
214,ATM002,0.1711,0.2254,0.5927,0.7257,0
214,ATM003,0.1711,0.2254,0.5069,1.0,0
214,ATM004,0.1711,0.2254,0.6535,1.0,0
214,ATM005,0.1711,0.2254,0.8299,1.0,1
214,ATM006,0.1711,0.2254,0.8968,1.0,0
214,ATM007,0.1711,0.2254,0.73,1.0,0
214,ATM008,0.1711,0.2254,0.416,1.0,0
214,ATM009,0.1711,0.2254,0.1062,0.0,0
214,ATM010,0.1711,0.2254,0.4303,1.0,0
214,ATM011,0.1711,0.2254,0.2161,0.4848,0
214,ATM012,0.1711,0.2254,0.2695,1.0,0
215,ATM001,0.1976,0.2972,0.6397,1.0,0
215,ATM002,0.1976,0.2972,0.3232,0.7257,0
215,ATM003,0.1976,0.2972,0.6754,1.0,0
215,ATM004,0.1976,0.2972,0.0208,1.0,0
215,ATM005,0.1976,0.2972,0.7704,1.0,1
215,ATM006,0.1976,0.2972,0.5226,1.0,0
215,ATM007,0.1976,0.2972,0.7336,1.0,0
215,ATM008,0.1976,0.2972,0.2824,1.0,0
215,ATM009,0.1976,0.2972,0.1115,0.0,0
215,ATM010,0.1976,0.2972,0.2449,1.0,0
215,ATM011,0.1976,0.2972,0.2302,0.4848,0
215,ATM012,0.1976,0.2972,0.1498,1.0,0
216,ATM001,0.2792,0.4966,0.6397,1.0,1
216,ATM002,0.2792,0.4966,0.3232,0.7257,0
216,ATM003,0.2792,0.4966,0.6754,1.0,0
216,ATM004,0.2792,0.4966,0.0208,1.0,0
216,ATM005,0.2792,0.4966,0.7704,1.0,0
216,ATM006,0.2792,0.4966,0.5226,1.0,0
216,ATM007,0.2792,0.4966,0.7336,1.0,0
216,ATM008,0.2792,0.4966,0.2824,1.0,0
216,ATM009,0.2792,0.4966,0.1115,0.0,0
216,ATM010,0.2792,0.4966,0.2449,1.0,0
216,ATM011,0.2792,0.4966,0.2302,0.4848,0
216,ATM012,0.2792,0.4966,0.1498,1.0,0
217,ATM001,0.5183,0.9967,0.0445,1.0,0
217,ATM002,0.5183,0.9967,0.5927,0.7257,1
217,ATM003,0.5183,0.9967,0.5069,1.0,0
217,ATM004,0.5183,0.9967,0.6535,1.0,0
217,ATM005,0.5183,0.9967,0.8299,1.0,0
217,ATM006,0.5183,0.9967,0.8968,1.0,0
217,ATM007,0.5183,0.9967,0.73,1.0,0
217,ATM008,0.5183,0.9967,0.416,1.0,0
217,ATM009,0.5183,0.9967,0.1062,0.0,0
217,ATM010,0.5183,0.9967,0.4303,1.0,0
217,ATM011,0.5183,0.9967,0.2161,0.4848,0
217,ATM012,0.5183,0.9967,0.2695,1.0,0
218,ATM001,0.3815,0.7213,0.0445,1.0,0
218,ATM002,0.3815,0.7213,0.5927,1.0,0
218,ATM003,0.3815,0.7213,0.5069,1.0,0
218,ATM004,0.3815,0.7213,0.6535,1.0,0
218,ATM005,0.3815,0.7213,0.8299,1.0,1
218,ATM006,0.3815,0.7213,0.8968,1.0,0
218,ATM007,0.3815,0.7213,0.73,1.0,0
218,ATM008,0.3815,0.7213,0.416,1.0,0
218,ATM009,0.3815,0.7213,0.1062,0.0,0
218,ATM010,0.3815,0.7213,0.4303,1.0,0
218,ATM011,0.3815,0.7213,0.2161,0.4848,0
218,ATM012,0.3815,0.7213,0.2695,1.0,0
219,ATM001,0.3299,0.6106,0.0445,1.0,0
219,ATM002,0.3299,0.6106,0.5927,1.0,0
219,ATM003,0.3299,0.6106,0.5069,1.0,1
219,ATM004,0.3299,0.6106,0.6535,1.0,0
219,ATM005,0.3299,0.6106,0.8299,1.0,0
219,ATM006,0.3299,0.6106,0.8968,1.0,0
219,ATM007,0.3299,0.6106,0.73,1.0,0
219,ATM008,0.3299,0.6106,0.416,1.0,0
219,ATM009,0.3299,0.6106,0.1062,0.0,0
219,ATM010,0.3299,0.6106,0.4303,1.0,0
219,ATM011,0.3299,0.6106,0.2161,0.4848,0
219,ATM012,0.3299,0.6106,0.2695,1.0,0
220,ATM001,0.2163,0.3453,0.9048,1.0,1
220,ATM002,0.2163,0.3453,0.6989,1.0,0
220,ATM003,0.2163,0.3453,0.3734,1.0,0
220,ATM004,0.2163,0.3453,0.5135,1.0,0
220,ATM005,0.2163,0.3453,0.7591,1.0,0
220,ATM006,0.2163,0.3453,0.0169,1.0,0
220,ATM007,0.2163,0.3453,0.5374,1.0,0
220,ATM008,0.2163,0.3453,0.3626,1.0,0
220,ATM009,0.2163,0.3453,0.0813,0.0,0
220,ATM010,0.2163,0.3453,0.5696,1.0,0
220,ATM011,0.2163,0.3453,0.1634,0.4848,0
220,ATM012,0.2163,0.3453,0.2993,1.0,0
221,ATM001,0.3029,0.5506,0.9048,1.0,0
221,ATM002,0.3029,0.5506,0.6989,1.0,0
221,ATM003,0.3029,0.5506,0.3734,1.0,1
221,ATM004,0.3029,0.5506,0.5135,1.0,0
221,ATM005,0.3029,0.5506,0.7591,1.0,0
221,ATM006,0.3029,0.5506,0.0169,1.0,0
221,ATM007,0.3029,0.5506,0.5374,1.0,0
221,ATM008,0.3029,0.5506,0.3626,1.0,0
221,ATM009,0.3029,0.5506,0.0813,0.0,0
221,ATM010,0.3029,0.5506,0.5696,1.0,0
221,ATM011,0.3029,0.5506,0.1634,0.4848,0
221,ATM012,0.3029,0.5506,0.2993,1.0,0
222,ATM001,0.1541,0.1761,0.6397,1.0,0
222,ATM002,0.1541,0.1761,0.3232,1.0,1
222,ATM003,0.1541,0.1761,0.6754,1.0,0
222,ATM004,0.1541,0.1761,0.0208,1.0,0
222,ATM005,0.1541,0.1761,0.7704,1.0,0
222,ATM006,0.1541,0.1761,0.5226,1.0,0
222,ATM007,0.1541,0.1761,0.7336,1.0,0
222,ATM008,0.1541,0.1761,0.2824,1.0,0
222,ATM009,0.1541,0.1761,0.1115,0.0,0
222,ATM010,0.1541,0.1761,0.2449,1.0,0
222,ATM011,0.1541,0.1761,0.2302,0.4848,0
222,ATM012,0.1541,0.1761,0.1498,1.0,0
223,ATM001,0.2136,0.3385,0.0445,1.0,0
223,ATM002,0.2136,0.3385,0.5927,1.0,0
223,ATM003,0.2136,0.3385,0.5069,1.0,0
223,ATM004,0.2136,0.3385,0.6535,1.0,0
223,ATM005,0.2136,0.3385,0.8299,1.0,1
223,ATM006,0.2136,0.3385,0.8968,1.0,0
223,ATM007,0.2136,0.3385,0.73,1.0,0
223,ATM008,0.2136,0.3385,0.416,1.0,0
223,ATM009,0.2136,0.3385,0.1062,0.0,0
223,ATM010,0.2136,0.3385,0.4303,1.0,0
223,ATM011,0.2136,0.3385,0.2161,0.4848,0
223,ATM012,0.2136,0.3385,0.2695,1.0,0
224,ATM001,0.1683,0.2173,0.6397,1.0,0
224,ATM002,0.1683,0.2173,0.3232,1.0,0
224,ATM003,0.1683,0.2173,0.6754,1.0,0
224,ATM004,0.1683,0.2173,0.0208,1.0,0
224,ATM005,0.1683,0.2173,0.7704,1.0,1
224,ATM006,0.1683,0.2173,0.5226,1.0,0
224,ATM007,0.1683,0.2173,0.7336,1.0,0
224,ATM008,0.1683,0.2173,0.2824,1.0,0
224,ATM009,0.1683,0.2173,0.1115,0.0,0
224,ATM010,0.1683,0.2173,0.2449,1.0,0
224,ATM011,0.1683,0.2173,0.2302,0.4848,0
224,ATM012,0.1683,0.2173,0.1498,1.0,0
225,ATM001,0.1152,0.0433,0.6054,1.0,0
225,ATM002,0.1152,0.0433,0.0296,1.0,0
225,ATM003,0.1152,0.0433,0.2712,1.0,0
225,ATM004,0.1152,0.0433,0.319,1.0,0
225,ATM005,0.1152,0.0433,0.4439,1.0,0
225,ATM006,0.1152,0.0433,0.6973,1.0,0
225,ATM007,0.1152,0.0433,0.3976,1.0,1
225,ATM008,0.1152,0.0433,0.446,1.0,0
225,ATM009,0.1152,0.0433,0.0813,0.0,0
225,ATM010,0.1152,0.0433,0.7441,1.0,0
225,ATM011,0.1152,0.0433,0.1531,0.4848,0
225,ATM012,0.1152,0.0433,0.5122,1.0,0
226,ATM001,0.2647,0.463,0.5003,1.0,1
226,ATM002,0.2647,0.463,0.2786,1.0,0
226,ATM003,0.2647,0.463,0.0328,1.0,0
226,ATM004,0.2647,0.463,0.6784,1.0,0
226,ATM005,0.2647,0.463,0.4713,1.0,0
226,ATM006,0.2647,0.463,0.3804,1.0,0
226,ATM007,0.2647,0.463,0.8322,1.0,0
226,ATM008,0.2647,0.463,0.3704,1.0,0
226,ATM009,0.2647,0.463,0.2,0.0,0
226,ATM010,0.2647,0.463,0.1857,1.0,0
226,ATM011,0.2647,0.463,0.4118,0.4848,0
226,ATM012,0.2647,0.463,0.153,1.0,0
227,ATM001,0.4581,0.8781,0.6054,1.0,1
227,ATM002,0.4581,0.8781,0.0296,1.0,0
227,ATM003,0.4581,0.8781,0.2712,1.0,0
227,ATM004,0.4581,0.8781,0.319,1.0,0
227,ATM005,0.4581,0.8781,0.4439,1.0,0
227,ATM006,0.4581,0.8781,0.6973,1.0,0
227,ATM007,0.4581,0.8781,0.3976,1.0,0
227,ATM008,0.4581,0.8781,0.446,1.0,0
227,ATM009,0.4581,0.8781,0.0813,0.0,0
227,ATM010,0.4581,0.8781,0.7441,1.0,0
227,ATM011,0.4581,0.8781,0.1531,0.4848,0
227,ATM012,0.4581,0.8781,0.5122,1.0,0
228,ATM001,0.1096,0.0175,0.5003,1.0,1
228,ATM002,0.1096,0.0175,0.2786,1.0,0
228,ATM003,0.1096,0.0175,0.0328,1.0,0
228,ATM004,0.1096,0.0175,0.6784,1.0,0
228,ATM005,0.1096,0.0175,0.4713,1.0,0
228,ATM006,0.1096,0.0175,0.3804,1.0,0
228,ATM007,0.1096,0.0175,0.8322,1.0,0
228,ATM008,0.1096,0.0175,0.3704,1.0,0
228,ATM009,0.1096,0.0175,0.2,0.0,0
228,ATM010,0.1096,0.0175,0.1857,1.0,0
228,ATM011,0.1096,0.0175,0.4118,0.4848,0
228,ATM012,0.1096,0.0175,0.153,1.0,0
229,ATM001,0.3384,0.6292,0.6397,1.0,0
229,ATM002,0.3384,0.6292,0.3232,1.0,0
229,ATM003,0.3384,0.6292,0.6754,1.0,0
229,ATM004,0.3384,0.6292,0.0208,1.0,0
229,ATM005,0.3384,0.6292,0.7704,1.0,1
229,ATM006,0.3384,0.6292,0.5226,1.0,0
229,ATM007,0.3384,0.6292,0.7336,1.0,0
229,ATM008,0.3384,0.6292,0.2824,1.0,0
229,ATM009,0.3384,0.6292,0.1115,0.0,0
229,ATM010,0.3384,0.6292,0.2449,1.0,0
229,ATM011,0.3384,0.6292,0.2302,0.4848,0
229,ATM012,0.3384,0.6292,0.1498,1.0,0
230,ATM001,0.1338,0.1123,0.6054,1.0,0
230,ATM002,0.1338,0.1123,0.0296,1.0,0
230,ATM003,0.1338,0.1123,0.2712,1.0,0
230,ATM004,0.1338,0.1123,0.319,1.0,0
230,ATM005,0.1338,0.1123,0.4439,1.0,0
230,ATM006,0.1338,0.1123,0.6973,1.0,0
230,ATM007,0.1338,0.1123,0.3976,1.0,0
230,ATM008,0.1338,0.1123,0.446,1.0,0
230,ATM009,0.1338,0.1123,0.0813,0.0,0
230,ATM010,0.1338,0.1123,0.7441,1.0,1
230,ATM011,0.1338,0.1123,0.1531,0.4848,0
230,ATM012,0.1338,0.1123,0.5122,1.0,0
231,ATM001,0.2309,0.3816,0.0445,1.0,0
231,ATM002,0.2309,0.3816,0.5927,1.0,0
231,ATM003,0.2309,0.3816,0.5069,1.0,0
231,ATM004,0.2309,0.3816,0.6535,1.0,0
231,ATM005,0.2309,0.3816,0.8299,1.0,1
231,ATM006,0.2309,0.3816,0.8968,1.0,0
231,ATM007,0.2309,0.3816,0.73,1.0,0
231,ATM008,0.2309,0.3816,0.416,1.0,0
231,ATM009,0.2309,0.3816,0.1062,0.0,0
231,ATM010,0.2309,0.3816,0.4303,1.0,0
231,ATM011,0.2309,0.3816,0.2161,0.4848,0
231,ATM012,0.2309,0.3816,0.2695,1.0,0
232,ATM001,0.5183,0.9967,0.9048,1.0,0
232,ATM002,0.5183,0.9967,0.6989,1.0,1
232,ATM003,0.5183,0.9967,0.3734,1.0,0
232,ATM004,0.5183,0.9967,0.5135,1.0,0
232,ATM005,0.5183,0.9967,0.7591,1.0,0
232,ATM006,0.5183,0.9967,0.0169,1.0,0
232,ATM007,0.5183,0.9967,0.5374,1.0,0
232,ATM008,0.5183,0.9967,0.3626,1.0,0
232,ATM009,0.5183,0.9967,0.0813,0.0,0
232,ATM010,0.5183,0.9967,0.5696,1.0,0
232,ATM011,0.5183,0.9967,0.1634,0.4848,0
232,ATM012,0.5183,0.9967,0.2993,1.0,0
233,ATM001,0.3337,0.6188,0.9048,1.0,1
233,ATM002,0.3337,0.6188,0.6989,1.0,0
233,ATM003,0.3337,0.6188,0.3734,1.0,0
233,ATM004,0.3337,0.6188,0.5135,1.0,0
233,ATM005,0.3337,0.6188,0.7591,1.0,0
233,ATM006,0.3337,0.6188,0.0169,1.0,0
233,ATM007,0.3337,0.6188,0.5374,1.0,0
233,ATM008,0.3337,0.6188,0.3626,1.0,0
233,ATM009,0.3337,0.6188,0.0813,0.0,0
233,ATM010,0.3337,0.6188,0.5696,1.0,0
233,ATM011,0.3337,0.6188,0.1634,0.4848,0
233,ATM012,0.3337,0.6188,0.2993,1.0,0
234,ATM001,0.2641,0.4615,0.5003,1.0,0
234,ATM002,0.2641,0.4615,0.2786,1.0,0
234,ATM003,0.2641,0.4615,0.0328,1.0,0
234,ATM004,0.2641,0.4615,0.6784,1.0,0
234,ATM005,0.2641,0.4615,0.4713,1.0,1
234,ATM006,0.2641,0.4615,0.3804,1.0,0
234,ATM007,0.2641,0.4615,0.8322,1.0,0
234,ATM008,0.2641,0.4615,0.3704,1.0,0
234,ATM009,0.2641,0.4615,0.2,0.0,0
234,ATM010,0.2641,0.4615,0.1857,1.0,0
234,ATM011,0.2641,0.4615,0.4118,0.4848,0
234,ATM012,0.2641,0.4615,0.153,1.0,0
235,ATM001,0.2422,0.4093,0.6054,1.0,1
235,ATM002,0.2422,0.4093,0.0296,1.0,0
235,ATM003,0.2422,0.4093,0.2712,1.0,0
235,ATM004,0.2422,0.4093,0.319,1.0,0
235,ATM005,0.2422,0.4093,0.4439,1.0,0
235,ATM006,0.2422,0.4093,0.6973,1.0,0
235,ATM007,0.2422,0.4093,0.3976,1.0,0
235,ATM008,0.2422,0.4093,0.446,1.0,0
235,ATM009,0.2422,0.4093,0.0813,0.0,0
235,ATM010,0.2422,0.4093,0.7441,1.0,0
235,ATM011,0.2422,0.4093,0.1531,0.4848,0
235,ATM012,0.2422,0.4093,0.5122,1.0,0
236,ATM001,0.1104,0.0216,0.9048,1.0,0
236,ATM002,0.1104,0.0216,0.6989,1.0,0
236,ATM003,0.1104,0.0216,0.3734,1.0,0
236,ATM004,0.1104,0.0216,0.5135,1.0,0
236,ATM005,0.1104,0.0216,0.7591,1.0,1
236,ATM006,0.1104,0.0216,0.0169,1.0,0
236,ATM007,0.1104,0.0216,0.5374,1.0,0
236,ATM008,0.1104,0.0216,0.3626,1.0,0
236,ATM009,0.1104,0.0216,0.0813,0.0,0
236,ATM010,0.1104,0.0216,0.5696,1.0,0
236,ATM011,0.1104,0.0216,0.1634,0.4848,0
236,ATM012,0.1104,0.0216,0.2993,1.0,0
237,ATM001,0.3575,0.6703,0.6054,1.0,1
237,ATM002,0.3575,0.6703,0.0296,1.0,0
237,ATM003,0.3575,0.6703,0.2712,1.0,0
237,ATM004,0.3575,0.6703,0.319,1.0,0
237,ATM005,0.3575,0.6703,0.4439,1.0,0
237,ATM006,0.3575,0.6703,0.6973,1.0,0
237,ATM007,0.3575,0.6703,0.3976,1.0,0
237,ATM008,0.3575,0.6703,0.446,1.0,0
237,ATM009,0.3575,0.6703,0.0813,0.0,0
237,ATM010,0.3575,0.6703,0.7441,1.0,0
237,ATM011,0.3575,0.6703,0.1531,0.4848,0
237,ATM012,0.3575,0.6703,0.5122,1.0,0
238,ATM001,0.4341,0.8297,0.5003,1.0,0
238,ATM002,0.4341,0.8297,0.2786,1.0,0
238,ATM003,0.4341,0.8297,0.0328,1.0,0
238,ATM004,0.4341,0.8297,0.6784,1.0,0
238,ATM005,0.4341,0.8297,0.4713,1.0,0
238,ATM006,0.4341,0.8297,0.3804,1.0,0
238,ATM007,0.4341,0.8297,0.8322,1.0,1
238,ATM008,0.4341,0.8297,0.3704,1.0,0
238,ATM009,0.4341,0.8297,0.2,0.0,0
238,ATM010,0.4341,0.8297,0.1857,1.0,0
238,ATM011,0.4341,0.8297,0.4118,0.4848,0
238,ATM012,0.4341,0.8297,0.153,1.0,0
239,ATM001,0.3299,0.6106,0.5003,1.0,0
239,ATM002,0.3299,0.6106,0.2786,1.0,0
239,ATM003,0.3299,0.6106,0.0328,1.0,0
239,ATM004,0.3299,0.6106,0.6784,1.0,0
239,ATM005,0.3299,0.6106,0.4713,1.0,0
239,ATM006,0.3299,0.6106,0.3804,1.0,0
239,ATM007,0.3299,0.6106,0.8322,1.0,1
239,ATM008,0.3299,0.6106,0.3704,1.0,0
239,ATM009,0.3299,0.6106,0.2,0.0,0
239,ATM010,0.3299,0.6106,0.1857,1.0,0
239,ATM011,0.3299,0.6106,0.4118,0.4848,0
239,ATM012,0.3299,0.6106,0.153,1.0,0
240,ATM001,0.461,0.884,0.5003,1.0,0
240,ATM002,0.461,0.884,0.2786,1.0,0
240,ATM003,0.461,0.884,0.0328,1.0,0
240,ATM004,0.461,0.884,0.6784,1.0,0
240,ATM005,0.461,0.884,0.4713,1.0,1
240,ATM006,0.461,0.884,0.3804,1.0,0
240,ATM007,0.461,0.884,0.8322,1.0,0
240,ATM008,0.461,0.884,0.3704,1.0,0
240,ATM009,0.461,0.884,0.2,0.0,0
240,ATM010,0.461,0.884,0.1857,1.0,0
240,ATM011,0.461,0.884,0.4118,0.4848,0
240,ATM012,0.461,0.884,0.153,1.0,0
241,ATM001,0.1073,0.0031,0.9048,1.0,0
241,ATM002,0.1073,0.0031,0.6989,1.0,0
241,ATM003,0.1073,0.0031,0.3734,1.0,0
241,ATM004,0.1073,0.0031,0.5135,1.0,0
241,ATM005,0.1073,0.0031,0.7591,1.0,0
241,ATM006,0.1073,0.0031,0.0169,1.0,0
241,ATM007,0.1073,0.0031,0.5374,1.0,0
241,ATM008,0.1073,0.0031,0.3626,1.0,0
241,ATM009,0.1073,0.0031,0.0813,0.0,0
241,ATM010,0.1073,0.0031,0.5696,1.0,1
241,ATM011,0.1073,0.0031,0.1634,0.4848,0
241,ATM012,0.1073,0.0031,0.2993,1.0,0
242,ATM001,0.1102,0.0207,0.9048,1.0,1
242,ATM002,0.1102,0.0207,0.6989,1.0,0
242,ATM003,0.1102,0.0207,0.3734,1.0,0
242,ATM004,0.1102,0.0207,0.5135,1.0,0
242,ATM005,0.1102,0.0207,0.7591,1.0,0
242,ATM006,0.1102,0.0207,0.0169,1.0,0
242,ATM007,0.1102,0.0207,0.5374,1.0,0
242,ATM008,0.1102,0.0207,0.3626,1.0,0
242,ATM009,0.1102,0.0207,0.0813,0.0,0
242,ATM010,0.1102,0.0207,0.5696,1.0,0
242,ATM011,0.1102,0.0207,0.1634,0.4848,0
242,ATM012,0.1102,0.0207,0.2993,1.0,0
243,ATM001,0.2509,0.4303,0.6054,1.0,0
243,ATM002,0.2509,0.4303,0.0296,1.0,0
243,ATM003,0.2509,0.4303,0.2712,1.0,0
243,ATM004,0.2509,0.4303,0.319,1.0,0
243,ATM005,0.2509,0.4303,0.4439,1.0,0
243,ATM006,0.2509,0.4303,0.6973,1.0,0
243,ATM007,0.2509,0.4303,0.3976,1.0,0
243,ATM008,0.2509,0.4303,0.446,1.0,0
243,ATM009,0.2509,0.4303,0.0813,0.0,0
243,ATM010,0.2509,0.4303,0.7441,1.0,1
243,ATM011,0.2509,0.4303,0.1531,0.4848,0
243,ATM012,0.2509,0.4303,0.5122,1.0,0
244,ATM001,0.5015,0.964,0.5003,1.0,0
244,ATM002,0.5015,0.964,0.2786,1.0,0
244,ATM003,0.5015,0.964,0.0328,1.0,0
244,ATM004,0.5015,0.964,0.6784,1.0,0
244,ATM005,0.5015,0.964,0.4713,1.0,0
244,ATM006,0.5015,0.964,0.3804,1.0,0
244,ATM007,0.5015,0.964,0.8322,1.0,0
244,ATM008,0.5015,0.964,0.3704,1.0,1
244,ATM009,0.5015,0.964,0.2,0.0,0
244,ATM010,0.5015,0.964,0.1857,1.0,0
244,ATM011,0.5015,0.964,0.4118,0.4848,0
244,ATM012,0.5015,0.964,0.153,1.0,0
245,ATM001,0.2229,0.3618,0.9048,1.0,0
245,ATM002,0.2229,0.3618,0.6989,1.0,1
245,ATM003,0.2229,0.3618,0.3734,1.0,0
245,ATM004,0.2229,0.3618,0.5135,1.0,0
245,ATM005,0.2229,0.3618,0.7591,1.0,0
245,ATM006,0.2229,0.3618,0.0169,1.0,0
245,ATM007,0.2229,0.3618,0.5374,1.0,0
245,ATM008,0.2229,0.3618,0.3626,1.0,0
245,ATM009,0.2229,0.3618,0.0813,0.0,0
245,ATM010,0.2229,0.3618,0.5696,1.0,0
245,ATM011,0.2229,0.3618,0.1634,0.4848,0
245,ATM012,0.2229,0.3618,0.2993,1.0,0
246,ATM001,0.1976,0.2972,0.6054,1.0,1
246,ATM002,0.1976,0.2972,0.0296,1.0,0
246,ATM003,0.1976,0.2972,0.2712,1.0,0
246,ATM004,0.1976,0.2972,0.319,1.0,0
246,ATM005,0.1976,0.2972,0.4439,1.0,0
246,ATM006,0.1976,0.2972,0.6973,1.0,0
246,ATM007,0.1976,0.2972,0.3976,1.0,0
246,ATM008,0.1976,0.2972,0.446,1.0,0
246,ATM009,0.1976,0.2972,0.0813,0.0,0
246,ATM010,0.1976,0.2972,0.7441,1.0,0
246,ATM011,0.1976,0.2972,0.1531,0.4848,0
246,ATM012,0.1976,0.2972,0.5122,1.0,0
247,ATM001,0.329,0.6086,0.9048,1.0,0
247,ATM002,0.329,0.6086,0.6989,1.0,0
247,ATM003,0.329,0.6086,0.3734,1.0,0
247,ATM004,0.329,0.6086,0.5135,1.0,0
247,ATM005,0.329,0.6086,0.7591,1.0,0
247,ATM006,0.329,0.6086,0.0169,1.0,0
247,ATM007,0.329,0.6086,0.5374,1.0,0
247,ATM008,0.329,0.6086,0.3626,1.0,0
247,ATM009,0.329,0.6086,0.0813,0.0,0
247,ATM010,0.329,0.6086,0.5696,1.0,1
247,ATM011,0.329,0.6086,0.1634,0.4848,0
247,ATM012,0.329,0.6086,0.2993,1.0,0
248,ATM001,0.1102,0.0205,0.0445,1.0,0
248,ATM002,0.1102,0.0205,0.5927,1.0,0
248,ATM003,0.1102,0.0205,0.5069,1.0,0
248,ATM004,0.1102,0.0205,0.6535,1.0,0
248,ATM005,0.1102,0.0205,0.8299,1.0,1
248,ATM006,0.1102,0.0205,0.8968,1.0,0
248,ATM007,0.1102,0.0205,0.73,1.0,0
248,ATM008,0.1102,0.0205,0.416,1.0,0
248,ATM009,0.1102,0.0205,0.1062,0.0,0
248,ATM010,0.1102,0.0205,0.4303,1.0,0
248,ATM011,0.1102,0.0205,0.2161,0.4848,0
248,ATM012,0.1102,0.0205,0.2695,1.0,0
249,ATM001,0.3759,0.7094,0.0445,1.0,0
249,ATM002,0.3759,0.7094,0.5927,1.0,0
249,ATM003,0.3759,0.7094,0.5069,1.0,0
249,ATM004,0.3759,0.7094,0.6535,1.0,0
249,ATM005,0.3759,0.7094,0.8299,1.0,1
249,ATM006,0.3759,0.7094,0.8968,1.0,0
249,ATM007,0.3759,0.7094,0.73,1.0,0
249,ATM008,0.3759,0.7094,0.416,1.0,0
249,ATM009,0.3759,0.7094,0.1062,0.0,0
249,ATM010,0.3759,0.7094,0.4303,1.0,0
249,ATM011,0.3759,0.7094,0.2161,0.4848,0
249,ATM012,0.3759,0.7094,0.2695,1.0,0
250,ATM001,0.3628,0.6816,0.6397,1.0,0
250,ATM002,0.3628,0.6816,0.3232,1.0,1
250,ATM003,0.3628,0.6816,0.6754,1.0,0
250,ATM004,0.3628,0.6816,0.0208,1.0,0
250,ATM005,0.3628,0.6816,0.7704,1.0,0
250,ATM006,0.3628,0.6816,0.5226,1.0,0
250,ATM007,0.3628,0.6816,0.7336,1.0,0
250,ATM008,0.3628,0.6816,0.2824,1.0,0
250,ATM009,0.3628,0.6816,0.1115,0.0,0
250,ATM010,0.3628,0.6816,0.2449,1.0,0
250,ATM011,0.3628,0.6816,0.2302,0.4848,0
250,ATM012,0.3628,0.6816,0.1498,1.0,0
251,ATM001,0.2283,0.3753,0.5003,1.0,0
251,ATM002,0.2283,0.3753,0.2786,1.0,1
251,ATM003,0.2283,0.3753,0.0328,1.0,0
251,ATM004,0.2283,0.3753,0.6784,1.0,0
251,ATM005,0.2283,0.3753,0.4713,1.0,0
251,ATM006,0.2283,0.3753,0.3804,1.0,0
251,ATM007,0.2283,0.3753,0.8322,1.0,0
251,ATM008,0.2283,0.3753,0.3704,1.0,0
251,ATM009,0.2283,0.3753,0.2,0.0,0
251,ATM010,0.2283,0.3753,0.1857,1.0,0
251,ATM011,0.2283,0.3753,0.4118,0.4848,0
251,ATM012,0.2283,0.3753,0.153,1.0,0
252,ATM001,0.1123,0.0307,0.0445,1.0,0
252,ATM002,0.1123,0.0307,0.5927,1.0,0
252,ATM003,0.1123,0.0307,0.5069,1.0,0
252,ATM004,0.1123,0.0307,0.6535,1.0,0
252,ATM005,0.1123,0.0307,0.8299,1.0,0
252,ATM006,0.1123,0.0307,0.8968,1.0,0
252,ATM007,0.1123,0.0307,0.73,1.0,0
252,ATM008,0.1123,0.0307,0.416,1.0,1
252,ATM009,0.1123,0.0307,0.1062,0.0,0
252,ATM010,0.1123,0.0307,0.4303,1.0,0
252,ATM011,0.1123,0.0307,0.2161,0.4848,0
252,ATM012,0.1123,0.0307,0.2695,1.0,0
253,ATM001,0.1394,0.1305,0.5003,1.0,0
253,ATM002,0.1394,0.1305,0.2786,1.0,0
253,ATM003,0.1394,0.1305,0.0328,1.0,0
253,ATM004,0.1394,0.1305,0.6784,1.0,0
253,ATM005,0.1394,0.1305,0.4713,1.0,0
253,ATM006,0.1394,0.1305,0.3804,1.0,0
253,ATM007,0.1394,0.1305,0.8322,1.0,0
253,ATM008,0.1394,0.1305,0.3704,1.0,1
253,ATM009,0.1394,0.1305,0.2,0.0,0
253,ATM010,0.1394,0.1305,0.1857,1.0,0
253,ATM011,0.1394,0.1305,0.4118,0.4848,0
253,ATM012,0.1394,0.1305,0.153,1.0,0
254,ATM001,0.2981,0.5397,0.9048,1.0,1
254,ATM002,0.2981,0.5397,0.6989,1.0,0
254,ATM003,0.2981,0.5397,0.3734,1.0,0
254,ATM004,0.2981,0.5397,0.5135,1.0,0
254,ATM005,0.2981,0.5397,0.7591,1.0,0
254,ATM006,0.2981,0.5397,0.0169,1.0,0
254,ATM007,0.2981,0.5397,0.5374,1.0,0
254,ATM008,0.2981,0.5397,0.3626,1.0,0
254,ATM009,0.2981,0.5397,0.0813,0.0,0
254,ATM010,0.2981,0.5397,0.5696,1.0,0
254,ATM011,0.2981,0.5397,0.1634,0.4848,0
254,ATM012,0.2981,0.5397,0.2993,1.0,0
255,ATM001,0.2641,0.4615,0.6397,1.0,0
255,ATM002,0.2641,0.4615,0.3232,1.0,1
255,ATM003,0.2641,0.4615,0.6754,1.0,0
255,ATM004,0.2641,0.4615,0.0208,1.0,0
255,ATM005,0.2641,0.4615,0.7704,1.0,0
255,ATM006,0.2641,0.4615,0.5226,1.0,0
255,ATM007,0.2641,0.4615,0.7336,1.0,0
255,ATM008,0.2641,0.4615,0.2824,1.0,0
255,ATM009,0.2641,0.4615,0.1115,0.0,0
255,ATM010,0.2641,0.4615,0.2449,1.0,0
255,ATM011,0.2641,0.4615,0.2302,0.4848,0
255,ATM012,0.2641,0.4615,0.1498,1.0,0
256,ATM001,0.5183,0.9967,0.6397,1.0,1
256,ATM002,0.5183,0.9967,0.3232,1.0,0
256,ATM003,0.5183,0.9967,0.6754,1.0,0
256,ATM004,0.5183,0.9967,0.0208,1.0,0
256,ATM005,0.5183,0.9967,0.7704,1.0,0
256,ATM006,0.5183,0.9967,0.5226,1.0,0
256,ATM007,0.5183,0.9967,0.7336,1.0,0
256,ATM008,0.5183,0.9967,0.2824,1.0,0
256,ATM009,0.5183,0.9967,0.1115,0.0,0
256,ATM010,0.5183,0.9967,0.2449,1.0,0
256,ATM011,0.5183,0.9967,0.2302,0.4848,0
256,ATM012,0.5183,0.9967,0.1498,1.0,0
257,ATM001,0.2641,0.4615,0.6397,1.0,0
257,ATM002,0.2641,0.4615,0.3232,1.0,0
257,ATM003,0.2641,0.4615,0.6754,1.0,1
257,ATM004,0.2641,0.4615,0.0208,1.0,0
257,ATM005,0.2641,0.4615,0.7704,1.0,0
257,ATM006,0.2641,0.4615,0.5226,1.0,0
257,ATM007,0.2641,0.4615,0.7336,1.0,0
257,ATM008,0.2641,0.4615,0.2824,1.0,0
257,ATM009,0.2641,0.4615,0.1115,0.0,0
257,ATM010,0.2641,0.4615,0.2449,1.0,0
257,ATM011,0.2641,0.4615,0.2302,0.4848,0
257,ATM012,0.2641,0.4615,0.1498,1.0,0
258,ATM001,0.4029,0.7659,0.6054,1.0,0
258,ATM002,0.4029,0.7659,0.0296,1.0,0
258,ATM003,0.4029,0.7659,0.2712,1.0,0
258,ATM004,0.4029,0.7659,0.319,1.0,0
258,ATM005,0.4029,0.7659,0.4439,1.0,0
258,ATM006,0.4029,0.7659,0.6973,1.0,0
258,ATM007,0.4029,0.7659,0.3976,1.0,0
258,ATM008,0.4029,0.7659,0.446,1.0,0
258,ATM009,0.4029,0.7659,0.0813,0.0,0
258,ATM010,0.4029,0.7659,0.7441,1.0,1
258,ATM011,0.4029,0.7659,0.1531,0.4848,0
258,ATM012,0.4029,0.7659,0.5122,1.0,0
259,ATM001,0.3155,0.5789,0.6397,1.0,0
259,ATM002,0.3155,0.5789,0.3232,1.0,0
259,ATM003,0.3155,0.5789,0.6754,1.0,0
259,ATM004,0.3155,0.5789,0.0208,1.0,0
259,ATM005,0.3155,0.5789,0.7704,1.0,1
259,ATM006,0.3155,0.5789,0.5226,1.0,0
259,ATM007,0.3155,0.5789,0.7336,1.0,0
259,ATM008,0.3155,0.5789,0.2824,1.0,0
259,ATM009,0.3155,0.5789,0.1115,0.0,0
259,ATM010,0.3155,0.5789,0.2449,1.0,0
259,ATM011,0.3155,0.5789,0.2302,0.4848,0
259,ATM012,0.3155,0.5789,0.1498,1.0,0
260,ATM001,0.5183,0.9967,0.6397,1.0,0
260,ATM002,0.5183,0.9967,0.3232,1.0,0
260,ATM003,0.5183,0.9967,0.6754,1.0,0
260,ATM004,0.5183,0.9967,0.0208,1.0,0
260,ATM005,0.5183,0.9967,0.7704,1.0,1
260,ATM006,0.5183,0.9967,0.5226,1.0,0
260,ATM007,0.5183,0.9967,0.7336,1.0,0
260,ATM008,0.5183,0.9967,0.2824,1.0,0
260,ATM009,0.5183,0.9967,0.1115,0.0,0
260,ATM010,0.5183,0.9967,0.2449,1.0,0
260,ATM011,0.5183,0.9967,0.2302,0.4848,0
260,ATM012,0.5183,0.9967,0.1498,1.0,0
261,ATM001,0.1085,0.0114,0.6397,1.0,1
261,ATM002,0.1085,0.0114,0.3232,1.0,0
261,ATM003,0.1085,0.0114,0.6754,1.0,0
261,ATM004,0.1085,0.0114,0.0208,1.0,0
261,ATM005,0.1085,0.0114,0.7704,1.0,0
261,ATM006,0.1085,0.0114,0.5226,1.0,0
261,ATM007,0.1085,0.0114,0.7336,1.0,0
261,ATM008,0.1085,0.0114,0.2824,1.0,0
261,ATM009,0.1085,0.0114,0.1115,0.0,0
261,ATM010,0.1085,0.0114,0.2449,1.0,0
261,ATM011,0.1085,0.0114,0.2302,0.4848,0
261,ATM012,0.1085,0.0114,0.1498,1.0,0
262,ATM001,0.3182,0.5847,0.5003,1.0,1
262,ATM002,0.3182,0.5847,0.2786,1.0,0
262,ATM003,0.3182,0.5847,0.0328,1.0,0
262,ATM004,0.3182,0.5847,0.6784,1.0,0
262,ATM005,0.3182,0.5847,0.4713,1.0,0
262,ATM006,0.3182,0.5847,0.3804,1.0,0
262,ATM007,0.3182,0.5847,0.8322,1.0,0
262,ATM008,0.3182,0.5847,0.3704,1.0,0
262,ATM009,0.3182,0.5847,0.2,0.0,0
262,ATM010,0.3182,0.5847,0.1857,1.0,0
262,ATM011,0.3182,0.5847,0.4118,0.4848,0
262,ATM012,0.3182,0.5847,0.153,1.0,0
263,ATM001,0.2462,0.419,0.6054,1.0,0
263,ATM002,0.2462,0.419,0.0296,1.0,0
263,ATM003,0.2462,0.419,0.2712,1.0,0
263,ATM004,0.2462,0.419,0.319,1.0,0
263,ATM005,0.2462,0.419,0.4439,1.0,1
263,ATM006,0.2462,0.419,0.6973,1.0,0
263,ATM007,0.2462,0.419,0.3976,1.0,0
263,ATM008,0.2462,0.419,0.446,1.0,0
263,ATM009,0.2462,0.419,0.0813,0.0,0
263,ATM010,0.2462,0.419,0.7441,1.0,0
263,ATM011,0.2462,0.419,0.1531,0.4848,0
263,ATM012,0.2462,0.419,0.5122,1.0,0
264,ATM001,0.2168,0.3465,0.5003,1.0,0
264,ATM002,0.2168,0.3465,0.2786,1.0,0
264,ATM003,0.2168,0.3465,0.0328,1.0,0
264,ATM004,0.2168,0.3465,0.6784,1.0,0
264,ATM005,0.2168,0.3465,0.4713,1.0,1
264,ATM006,0.2168,0.3465,0.3804,1.0,0
264,ATM007,0.2168,0.3465,0.8322,1.0,0
264,ATM008,0.2168,0.3465,0.3704,1.0,0
264,ATM009,0.2168,0.3465,0.2,0.0,0
264,ATM010,0.2168,0.3465,0.1857,1.0,0
264,ATM011,0.2168,0.3465,0.4118,0.4848,0
264,ATM012,0.2168,0.3465,0.153,1.0,0
265,ATM001,0.1126,0.0322,0.5003,1.0,0
265,ATM002,0.1126,0.0322,0.2786,1.0,0
265,ATM003,0.1126,0.0322,0.0328,1.0,0
265,ATM004,0.1126,0.0322,0.6784,1.0,0
265,ATM005,0.1126,0.0322,0.4713,1.0,1
265,ATM006,0.1126,0.0322,0.3804,1.0,0
265,ATM007,0.1126,0.0322,0.8322,1.0,0
265,ATM008,0.1126,0.0322,0.3704,1.0,0
265,ATM009,0.1126,0.0322,0.2,0.0,0
265,ATM010,0.1126,0.0322,0.1857,1.0,0
265,ATM011,0.1126,0.0322,0.4118,0.4848,0
265,ATM012,0.1126,0.0322,0.153,1.0,0
266,ATM001,0.2965,0.5362,0.6397,1.0,1
266,ATM002,0.2965,0.5362,0.3232,1.0,0
266,ATM003,0.2965,0.5362,0.6754,1.0,0
266,ATM004,0.2965,0.5362,0.0208,1.0,0
266,ATM005,0.2965,0.5362,0.7704,1.0,0
266,ATM006,0.2965,0.5362,0.5226,1.0,0
266,ATM007,0.2965,0.5362,0.7336,1.0,0
266,ATM008,0.2965,0.5362,0.2824,1.0,0
266,ATM009,0.2965,0.5362,0.1115,0.0,0
266,ATM010,0.2965,0.5362,0.2449,1.0,0
266,ATM011,0.2965,0.5362,0.2302,0.4848,0
266,ATM012,0.2965,0.5362,0.1498,1.0,0
267,ATM001,0.4537,0.8694,0.0445,1.0,0
267,ATM002,0.4537,0.8694,0.5927,1.0,1
267,ATM003,0.4537,0.8694,0.5069,1.0,0
267,ATM004,0.4537,0.8694,0.6535,1.0,0
267,ATM005,0.4537,0.8694,0.8299,1.0,0
267,ATM006,0.4537,0.8694,0.8968,1.0,0
267,ATM007,0.4537,0.8694,0.73,1.0,0
267,ATM008,0.4537,0.8694,0.416,1.0,0
267,ATM009,0.4537,0.8694,0.1062,0.0,0
267,ATM010,0.4537,0.8694,0.4303,1.0,0
267,ATM011,0.4537,0.8694,0.2161,0.4848,0
267,ATM012,0.4537,0.8694,0.2695,1.0,0
268,ATM001,0.3714,0.7,0.5003,1.0,1
268,ATM002,0.3714,0.7,0.2786,1.0,0
268,ATM003,0.3714,0.7,0.0328,1.0,0
268,ATM004,0.3714,0.7,0.6784,1.0,0
268,ATM005,0.3714,0.7,0.4713,1.0,0
268,ATM006,0.3714,0.7,0.3804,1.0,0
268,ATM007,0.3714,0.7,0.8322,1.0,0
268,ATM008,0.3714,0.7,0.3704,1.0,0
268,ATM009,0.3714,0.7,0.2,0.0,0
268,ATM010,0.3714,0.7,0.1857,1.0,0
268,ATM011,0.3714,0.7,0.4118,0.4848,0
268,ATM012,0.3714,0.7,0.153,1.0,0
269,ATM001,0.2239,0.3642,0.0445,1.0,0
269,ATM002,0.2239,0.3642,0.5927,1.0,0
269,ATM003,0.2239,0.3642,0.5069,1.0,0
269,ATM004,0.2239,0.3642,0.6535,1.0,0
269,ATM005,0.2239,0.3642,0.8299,1.0,1
269,ATM006,0.2239,0.3642,0.8968,1.0,0
269,ATM007,0.2239,0.3642,0.73,1.0,0
269,ATM008,0.2239,0.3642,0.416,1.0,0
269,ATM009,0.2239,0.3642,0.1062,0.0,0
269,ATM010,0.2239,0.3642,0.4303,1.0,0
269,ATM011,0.2239,0.3642,0.2161,0.4848,0
269,ATM012,0.2239,0.3642,0.2695,1.0,0
270,ATM001,0.2564,0.4434,0.6054,1.0,0
270,ATM002,0.2564,0.4434,0.0296,1.0,0
270,ATM003,0.2564,0.4434,0.2712,1.0,0
270,ATM004,0.2564,0.4434,0.319,1.0,0
270,ATM005,0.2564,0.4434,0.4439,1.0,1
270,ATM006,0.2564,0.4434,0.6973,1.0,0
270,ATM007,0.2564,0.4434,0.3976,1.0,0
270,ATM008,0.2564,0.4434,0.446,1.0,0
270,ATM009,0.2564,0.4434,0.0813,0.0,0
270,ATM010,0.2564,0.4434,0.7441,1.0,0
270,ATM011,0.2564,0.4434,0.1531,0.4848,0
270,ATM012,0.2564,0.4434,0.5122,1.0,0
271,ATM001,0.1075,0.0049,0.0445,1.0,0
271,ATM002,0.1075,0.0049,0.5927,1.0,0
271,ATM003,0.1075,0.0049,0.5069,1.0,0
271,ATM004,0.1075,0.0049,0.6535,1.0,0
271,ATM005,0.1075,0.0049,0.8299,1.0,0
271,ATM006,0.1075,0.0049,0.8968,1.0,0
271,ATM007,0.1075,0.0049,0.73,1.0,1
271,ATM008,0.1075,0.0049,0.416,1.0,0
271,ATM009,0.1075,0.0049,0.1062,0.0,0
271,ATM010,0.1075,0.0049,0.4303,1.0,0
271,ATM011,0.1075,0.0049,0.2161,0.4848,0
271,ATM012,0.1075,0.0049,0.2695,1.0,0
272,ATM001,0.3873,0.7334,0.6397,1.0,0
272,ATM002,0.3873,0.7334,0.3232,1.0,0
272,ATM003,0.3873,0.7334,0.6754,1.0,0
272,ATM004,0.3873,0.7334,0.0208,1.0,0
272,ATM005,0.3873,0.7334,0.7704,1.0,0
272,ATM006,0.3873,0.7334,0.5226,1.0,0
272,ATM007,0.3873,0.7334,0.7336,1.0,0
272,ATM008,0.3873,0.7334,0.2824,1.0,0
272,ATM009,0.3873,0.7334,0.1115,0.0,0
272,ATM010,0.3873,0.7334,0.2449,1.0,1
272,ATM011,0.3873,0.7334,0.2302,0.4848,0
272,ATM012,0.3873,0.7334,0.1498,1.0,0
273,ATM001,0.22,0.3546,0.6054,1.0,0
273,ATM002,0.22,0.3546,0.0296,1.0,0
273,ATM003,0.22,0.3546,0.2712,1.0,0
273,ATM004,0.22,0.3546,0.319,1.0,0
273,ATM005,0.22,0.3546,0.4439,1.0,1
273,ATM006,0.22,0.3546,0.6973,1.0,0
273,ATM007,0.22,0.3546,0.3976,1.0,0
273,ATM008,0.22,0.3546,0.446,1.0,0
273,ATM009,0.22,0.3546,0.0813,0.0,0
273,ATM010,0.22,0.3546,0.7441,1.0,0
273,ATM011,0.22,0.3546,0.1531,0.4848,0
273,ATM012,0.22,0.3546,0.5122,1.0,0
274,ATM001,0.2076,0.323,0.5003,1.0,0
274,ATM002,0.2076,0.323,0.2786,1.0,0
274,ATM003,0.2076,0.323,0.0328,1.0,0
274,ATM004,0.2076,0.323,0.6784,1.0,0
274,ATM005,0.2076,0.323,0.4713,1.0,1
274,ATM006,0.2076,0.323,0.3804,1.0,0
274,ATM007,0.2076,0.323,0.8322,1.0,0
274,ATM008,0.2076,0.323,0.3704,1.0,0
274,ATM009,0.2076,0.323,0.2,0.0,0
274,ATM010,0.2076,0.323,0.1857,1.0,0
274,ATM011,0.2076,0.323,0.4118,0.4848,0
274,ATM012,0.2076,0.323,0.153,1.0,0
275,ATM001,0.2634,0.4599,0.5003,1.0,1
275,ATM002,0.2634,0.4599,0.2786,1.0,0
275,ATM003,0.2634,0.4599,0.0328,1.0,0
275,ATM004,0.2634,0.4599,0.6784,1.0,0
275,ATM005,0.2634,0.4599,0.4713,1.0,0
275,ATM006,0.2634,0.4599,0.3804,1.0,0
275,ATM007,0.2634,0.4599,0.8322,1.0,0
275,ATM008,0.2634,0.4599,0.3704,1.0,0
275,ATM009,0.2634,0.4599,0.2,0.0,0
275,ATM010,0.2634,0.4599,0.1857,1.0,0
275,ATM011,0.2634,0.4599,0.4118,0.4848,0
275,ATM012,0.2634,0.4599,0.153,1.0,0
276,ATM001,0.2661,0.4661,0.9048,1.0,0
276,ATM002,0.2661,0.4661,0.6989,1.0,0
276,ATM003,0.2661,0.4661,0.3734,1.0,0
276,ATM004,0.2661,0.4661,0.5135,1.0,0
276,ATM005,0.2661,0.4661,0.7591,1.0,1
276,ATM006,0.2661,0.4661,0.0169,1.0,0
276,ATM007,0.2661,0.4661,0.5374,1.0,0
276,ATM008,0.2661,0.4661,0.3626,1.0,0
276,ATM009,0.2661,0.4661,0.0813,0.0,0
276,ATM010,0.2661,0.4661,0.5696,1.0,0
276,ATM011,0.2661,0.4661,0.1634,0.4848,0
276,ATM012,0.2661,0.4661,0.2993,1.0,0
277,ATM001,0.1224,0.0721,0.5003,1.0,0
277,ATM002,0.1224,0.0721,0.2786,1.0,0
277,ATM003,0.1224,0.0721,0.0328,1.0,0
277,ATM004,0.1224,0.0721,0.6784,1.0,0
277,ATM005,0.1224,0.0721,0.4713,1.0,0
277,ATM006,0.1224,0.0721,0.3804,1.0,0
277,ATM007,0.1224,0.0721,0.8322,1.0,0
277,ATM008,0.1224,0.0721,0.3704,1.0,0
277,ATM009,0.1224,0.0721,0.2,0.0,0
277,ATM010,0.1224,0.0721,0.1857,1.0,1
277,ATM011,0.1224,0.0721,0.4118,0.4848,0
277,ATM012,0.1224,0.0721,0.153,1.0,0
278,ATM001,0.3054,0.5562,0.0445,1.0,0
278,ATM002,0.3054,0.5562,0.5927,1.0,0
278,ATM003,0.3054,0.5562,0.5069,1.0,0
278,ATM004,0.3054,0.5562,0.6535,1.0,1
278,ATM005,0.3054,0.5562,0.8299,1.0,0
278,ATM006,0.3054,0.5562,0.8968,1.0,0
278,ATM007,0.3054,0.5562,0.73,1.0,0
278,ATM008,0.3054,0.5562,0.416,1.0,0
278,ATM009,0.3054,0.5562,0.1062,0.0,0
278,ATM010,0.3054,0.5562,0.4303,1.0,0
278,ATM011,0.3054,0.5562,0.2161,0.4848,0
278,ATM012,0.3054,0.5562,0.2695,1.0,0
279,ATM001,0.4368,0.8353,0.6397,1.0,1
279,ATM002,0.4368,0.8353,0.3232,1.0,0
279,ATM003,0.4368,0.8353,0.6754,1.0,0
279,ATM004,0.4368,0.8353,0.0208,1.0,0
279,ATM005,0.4368,0.8353,0.7704,1.0,0
279,ATM006,0.4368,0.8353,0.5226,1.0,0
279,ATM007,0.4368,0.8353,0.7336,1.0,0
279,ATM008,0.4368,0.8353,0.2824,1.0,0
279,ATM009,0.4368,0.8353,0.1115,0.0,0
279,ATM010,0.4368,0.8353,0.2449,1.0,0
279,ATM011,0.4368,0.8353,0.2302,0.4848,0
279,ATM012,0.4368,0.8353,0.1498,1.0,0
280,ATM001,0.2445,0.4148,0.6054,1.0,0
280,ATM002,0.2445,0.4148,0.0296,1.0,0
280,ATM003,0.2445,0.4148,0.2712,1.0,0
280,ATM004,0.2445,0.4148,0.319,1.0,0
280,ATM005,0.2445,0.4148,0.4439,1.0,0
280,ATM006,0.2445,0.4148,0.6973,1.0,0
280,ATM007,0.2445,0.4148,0.3976,1.0,0
280,ATM008,0.2445,0.4148,0.446,1.0,0
280,ATM009,0.2445,0.4148,0.0813,0.0,0
280,ATM010,0.2445,0.4148,0.7441,1.0,1
280,ATM011,0.2445,0.4148,0.1531,0.4848,0
280,ATM012,0.2445,0.4148,0.5122,1.0,0
281,ATM001,0.4902,0.9418,0.6397,1.0,0
281,ATM002,0.4902,0.9418,0.3232,1.0,0
281,ATM003,0.4902,0.9418,0.6754,1.0,0
281,ATM004,0.4902,0.9418,0.0208,1.0,0
281,ATM005,0.4902,0.9418,0.7704,1.0,0
281,ATM006,0.4902,0.9418,0.5226,1.0,0
281,ATM007,0.4902,0.9418,0.7336,1.0,0
281,ATM008,0.4902,0.9418,0.2824,1.0,0
281,ATM009,0.4902,0.9418,0.1115,0.0,0
281,ATM010,0.4902,0.9418,0.2449,1.0,0
281,ATM011,0.4902,0.9418,0.2302,0.4848,1
281,ATM012,0.4902,0.9418,0.1498,1.0,0
282,ATM001,0.2654,0.4646,0.6397,1.0,0
282,ATM002,0.2654,0.4646,0.3232,1.0,0
282,ATM003,0.2654,0.4646,0.6754,1.0,0
282,ATM004,0.2654,0.4646,0.0208,1.0,0
282,ATM005,0.2654,0.4646,0.7704,1.0,1
282,ATM006,0.2654,0.4646,0.5226,1.0,0
282,ATM007,0.2654,0.4646,0.7336,1.0,0
282,ATM008,0.2654,0.4646,0.2824,1.0,0
282,ATM009,0.2654,0.4646,0.1115,0.0,0
282,ATM010,0.2654,0.4646,0.2449,1.0,0
282,ATM011,0.2654,0.4646,0.2302,0.8089,0
282,ATM012,0.2654,0.4646,0.1498,1.0,0
283,ATM001,0.1402,0.1331,0.6054,1.0,1
283,ATM002,0.1402,0.1331,0.0296,1.0,0
283,ATM003,0.1402,0.1331,0.2712,1.0,0
283,ATM004,0.1402,0.1331,0.319,1.0,0
283,ATM005,0.1402,0.1331,0.4439,1.0,0
283,ATM006,0.1402,0.1331,0.6973,1.0,0
283,ATM007,0.1402,0.1331,0.3976,1.0,0
283,ATM008,0.1402,0.1331,0.446,1.0,0
283,ATM009,0.1402,0.1331,0.0813,0.0,0
283,ATM010,0.1402,0.1331,0.7441,1.0,0
283,ATM011,0.1402,0.1331,0.1531,0.8089,0
283,ATM012,0.1402,0.1331,0.5122,1.0,0
284,ATM001,0.3226,0.5945,0.0445,1.0,0
284,ATM002,0.3226,0.5945,0.5927,1.0,0
284,ATM003,0.3226,0.5945,0.5069,1.0,0
284,ATM004,0.3226,0.5945,0.6535,1.0,0
284,ATM005,0.3226,0.5945,0.8299,1.0,1
284,ATM006,0.3226,0.5945,0.8968,1.0,0
284,ATM007,0.3226,0.5945,0.73,1.0,0
284,ATM008,0.3226,0.5945,0.416,1.0,0
284,ATM009,0.3226,0.5945,0.1062,0.0,0
284,ATM010,0.3226,0.5945,0.4303,1.0,0
284,ATM011,0.3226,0.5945,0.2161,0.8089,0
284,ATM012,0.3226,0.5945,0.2695,1.0,0
285,ATM001,0.2101,0.3296,0.6054,1.0,1
285,ATM002,0.2101,0.3296,0.0296,1.0,0
285,ATM003,0.2101,0.3296,0.2712,1.0,0
285,ATM004,0.2101,0.3296,0.319,1.0,0
285,ATM005,0.2101,0.3296,0.4439,1.0,0
285,ATM006,0.2101,0.3296,0.6973,1.0,0
285,ATM007,0.2101,0.3296,0.3976,1.0,0
285,ATM008,0.2101,0.3296,0.446,1.0,0
285,ATM009,0.2101,0.3296,0.0813,0.0,0
285,ATM010,0.2101,0.3296,0.7441,1.0,0
285,ATM011,0.2101,0.3296,0.1531,0.8089,0
285,ATM012,0.2101,0.3296,0.5122,1.0,0
286,ATM001,0.3873,0.7334,0.5003,1.0,0
286,ATM002,0.3873,0.7334,0.2786,1.0,0
286,ATM003,0.3873,0.7334,0.0328,1.0,0
286,ATM004,0.3873,0.7334,0.6784,1.0,0
286,ATM005,0.3873,0.7334,0.4713,1.0,1
286,ATM006,0.3873,0.7334,0.3804,1.0,0
286,ATM007,0.3873,0.7334,0.8322,1.0,0
286,ATM008,0.3873,0.7334,0.3704,1.0,0
286,ATM009,0.3873,0.7334,0.2,0.0,0
286,ATM010,0.3873,0.7334,0.1857,1.0,0
286,ATM011,0.3873,0.7334,0.4118,0.8089,0
286,ATM012,0.3873,0.7334,0.153,1.0,0
287,ATM001,0.5183,0.9967,0.5003,1.0,0
287,ATM002,0.5183,0.9967,0.2786,1.0,0
287,ATM003,0.5183,0.9967,0.0328,1.0,0
287,ATM004,0.5183,0.9967,0.6784,1.0,0
287,ATM005,0.5183,0.9967,0.4713,1.0,0
287,ATM006,0.5183,0.9967,0.3804,1.0,0
287,ATM007,0.5183,0.9967,0.8322,1.0,0
287,ATM008,0.5183,0.9967,0.3704,1.0,0
287,ATM009,0.5183,0.9967,0.2,0.0,0
287,ATM010,0.5183,0.9967,0.1857,1.0,1
287,ATM011,0.5183,0.9967,0.4118,0.8089,0
287,ATM012,0.5183,0.9967,0.153,1.0,0
288,ATM001,0.2263,0.3703,0.9048,1.0,1
288,ATM002,0.2263,0.3703,0.6989,1.0,0
288,ATM003,0.2263,0.3703,0.3734,1.0,0
288,ATM004,0.2263,0.3703,0.5135,1.0,0
288,ATM005,0.2263,0.3703,0.7591,1.0,0
288,ATM006,0.2263,0.3703,0.0169,1.0,0
288,ATM007,0.2263,0.3703,0.5374,1.0,0
288,ATM008,0.2263,0.3703,0.3626,1.0,0
288,ATM009,0.2263,0.3703,0.0813,0.0,0
288,ATM010,0.2263,0.3703,0.5696,1.0,0
288,ATM011,0.2263,0.3703,0.1634,0.8089,0
288,ATM012,0.2263,0.3703,0.2993,1.0,0
289,ATM001,0.4029,0.7659,0.9048,1.0,0
289,ATM002,0.4029,0.7659,0.6989,1.0,0
289,ATM003,0.4029,0.7659,0.3734,1.0,0
289,ATM004,0.4029,0.7659,0.5135,1.0,0
289,ATM005,0.4029,0.7659,0.7591,1.0,1
289,ATM006,0.4029,0.7659,0.0169,1.0,0
289,ATM007,0.4029,0.7659,0.5374,1.0,0
289,ATM008,0.4029,0.7659,0.3626,1.0,0
289,ATM009,0.4029,0.7659,0.0813,0.0,0
289,ATM010,0.4029,0.7659,0.5696,1.0,0
289,ATM011,0.4029,0.7659,0.1634,0.8089,0
289,ATM012,0.4029,0.7659,0.2993,1.0,0
290,ATM001,0.1911,0.2799,0.9048,1.0,0
290,ATM002,0.1911,0.2799,0.6989,1.0,0
290,ATM003,0.1911,0.2799,0.3734,1.0,0
290,ATM004,0.1911,0.2799,0.5135,1.0,1
290,ATM005,0.1911,0.2799,0.7591,1.0,0
290,ATM006,0.1911,0.2799,0.0169,1.0,0
290,ATM007,0.1911,0.2799,0.5374,1.0,0
290,ATM008,0.1911,0.2799,0.3626,1.0,0
290,ATM009,0.1911,0.2799,0.0813,0.0,0
290,ATM010,0.1911,0.2799,0.5696,1.0,0
290,ATM011,0.1911,0.2799,0.1634,0.8089,0
290,ATM012,0.1911,0.2799,0.2993,1.0,0
291,ATM001,0.2989,0.5415,0.9048,1.0,0
291,ATM002,0.2989,0.5415,0.6989,1.0,0
291,ATM003,0.2989,0.5415,0.3734,1.0,0
291,ATM004,0.2989,0.5415,0.5135,1.0,0
291,ATM005,0.2989,0.5415,0.7591,1.0,0
291,ATM006,0.2989,0.5415,0.0169,1.0,0
291,ATM007,0.2989,0.5415,0.5374,1.0,0
291,ATM008,0.2989,0.5415,0.3626,1.0,0
291,ATM009,0.2989,0.5415,0.0813,0.0,0
291,ATM010,0.2989,0.5415,0.5696,1.0,0
291,ATM011,0.2989,0.5415,0.1634,0.8089,0
291,ATM012,0.2989,0.5415,0.2993,1.0,1
292,ATM001,0.3356,0.6229,0.0445,1.0,0
292,ATM002,0.3356,0.6229,0.5927,1.0,0
292,ATM003,0.3356,0.6229,0.5069,1.0,0
292,ATM004,0.3356,0.6229,0.6535,1.0,0
292,ATM005,0.3356,0.6229,0.8299,1.0,0
292,ATM006,0.3356,0.6229,0.8968,1.0,0
292,ATM007,0.3356,0.6229,0.73,1.0,0
292,ATM008,0.3356,0.6229,0.416,1.0,0
292,ATM009,0.3356,0.6229,0.1062,0.0,0
292,ATM010,0.3356,0.6229,0.4303,1.0,1
292,ATM011,0.3356,0.6229,0.2161,0.8089,0
292,ATM012,0.3356,0.6229,0.2695,1.0,0
293,ATM001,0.2828,0.5049,0.9048,1.0,0
293,ATM002,0.2828,0.5049,0.6989,1.0,0
293,ATM003,0.2828,0.5049,0.3734,1.0,0
293,ATM004,0.2828,0.5049,0.5135,1.0,0
293,ATM005,0.2828,0.5049,0.7591,1.0,1
293,ATM006,0.2828,0.5049,0.0169,1.0,0
293,ATM007,0.2828,0.5049,0.5374,1.0,0
293,ATM008,0.2828,0.5049,0.3626,1.0,0
293,ATM009,0.2828,0.5049,0.0813,0.0,0
293,ATM010,0.2828,0.5049,0.5696,1.0,0
293,ATM011,0.2828,0.5049,0.1634,0.8089,0
293,ATM012,0.2828,0.5049,0.2993,1.0,0
294,ATM001,0.1198,0.0622,0.9048,1.0,0
294,ATM002,0.1198,0.0622,0.6989,1.0,0
294,ATM003,0.1198,0.0622,0.3734,1.0,0
294,ATM004,0.1198,0.0622,0.5135,1.0,0
294,ATM005,0.1198,0.0622,0.7591,1.0,1
294,ATM006,0.1198,0.0622,0.0169,1.0,0
294,ATM007,0.1198,0.0622,0.5374,1.0,0
294,ATM008,0.1198,0.0622,0.3626,1.0,0
294,ATM009,0.1198,0.0622,0.0813,0.0,0
294,ATM010,0.1198,0.0622,0.5696,1.0,0
294,ATM011,0.1198,0.0622,0.1634,0.8089,0
294,ATM012,0.1198,0.0622,0.2993,1.0,0
295,ATM001,0.1461,0.1516,0.9048,1.0,1
295,ATM002,0.1461,0.1516,0.6989,1.0,0
295,ATM003,0.1461,0.1516,0.3734,1.0,0
295,ATM004,0.1461,0.1516,0.5135,1.0,0
295,ATM005,0.1461,0.1516,0.7591,1.0,0
295,ATM006,0.1461,0.1516,0.0169,1.0,0
295,ATM007,0.1461,0.1516,0.5374,1.0,0
295,ATM008,0.1461,0.1516,0.3626,1.0,0
295,ATM009,0.1461,0.1516,0.0813,0.0,0
295,ATM010,0.1461,0.1516,0.5696,1.0,0
295,ATM011,0.1461,0.1516,0.1634,0.8089,0
295,ATM012,0.1461,0.1516,0.2993,1.0,0
296,ATM001,0.3968,0.7533,0.5003,1.0,0
296,ATM002,0.3968,0.7533,0.2786,1.0,0
296,ATM003,0.3968,0.7533,0.0328,1.0,0
296,ATM004,0.3968,0.7533,0.6784,1.0,0
296,ATM005,0.3968,0.7533,0.4713,1.0,0
296,ATM006,0.3968,0.7533,0.3804,1.0,0
296,ATM007,0.3968,0.7533,0.8322,1.0,1
296,ATM008,0.3968,0.7533,0.3704,1.0,0
296,ATM009,0.3968,0.7533,0.2,0.0,0
296,ATM010,0.3968,0.7533,0.1857,1.0,0
296,ATM011,0.3968,0.7533,0.4118,0.8089,0
296,ATM012,0.3968,0.7533,0.153,1.0,0
297,ATM001,0.2552,0.4404,0.5003,1.0,0
297,ATM002,0.2552,0.4404,0.2786,1.0,1
297,ATM003,0.2552,0.4404,0.0328,1.0,0
297,ATM004,0.2552,0.4404,0.6784,1.0,0
297,ATM005,0.2552,0.4404,0.4713,1.0,0
297,ATM006,0.2552,0.4404,0.3804,1.0,0
297,ATM007,0.2552,0.4404,0.8322,1.0,0
297,ATM008,0.2552,0.4404,0.3704,1.0,0
297,ATM009,0.2552,0.4404,0.2,0.0,0
297,ATM010,0.2552,0.4404,0.1857,1.0,0
297,ATM011,0.2552,0.4404,0.4118,0.8089,0
297,ATM012,0.2552,0.4404,0.153,1.0,0
298,ATM001,0.3337,0.6188,0.6054,1.0,0
298,ATM002,0.3337,0.6188,0.0296,1.0,0
298,ATM003,0.3337,0.6188,0.2712,1.0,0
298,ATM004,0.3337,0.6188,0.319,1.0,0
298,ATM005,0.3337,0.6188,0.4439,1.0,0
298,ATM006,0.3337,0.6188,0.6973,1.0,0
298,ATM007,0.3337,0.6188,0.3976,1.0,0
298,ATM008,0.3337,0.6188,0.446,1.0,1
298,ATM009,0.3337,0.6188,0.0813,0.0,0
298,ATM010,0.3337,0.6188,0.7441,1.0,0
298,ATM011,0.3337,0.6188,0.1531,0.8089,0
298,ATM012,0.3337,0.6188,0.5122,1.0,0
299,ATM001,0.1559,0.1815,0.6054,1.0,0
299,ATM002,0.1559,0.1815,0.0296,1.0,0
299,ATM003,0.1559,0.1815,0.2712,1.0,0
299,ATM004,0.1559,0.1815,0.319,1.0,0
299,ATM005,0.1559,0.1815,0.4439,1.0,0
299,ATM006,0.1559,0.1815,0.6973,1.0,0
299,ATM007,0.1559,0.1815,0.3976,1.0,0
299,ATM008,0.1559,0.1815,0.446,1.0,0
299,ATM009,0.1559,0.1815,0.0813,0.0,0
299,ATM010,0.1559,0.1815,0.7441,1.0,1
299,ATM011,0.1559,0.1815,0.1531,0.8089,0
299,ATM012,0.1559,0.1815,0.5122,1.0,0
